pinSel,pinBank,pinDir,pinVal,noisePerMS,agcCnt,aStatus,aPower,rtcCalib,safeBoot,jammingState,xtalAbsent,reserved0,usedMask,VP_01,VP_02,VP_03,VP_04,VP_05,VP_06,VP_07,VP_08,VP_09,VP_10,VP_11,VP_12,VP_13,VP_14,VP_15,VP_16,VP_17,jamInd,reserved1,pinIrq,pullH,pullL
b'\xc1\x81\x00\x00',b'\x00\x00\x01\x00',b'\x00\x80\x00\x00',b'\xdfg\x00\x00',103,5616,1,2,1,0,0,0,133,b'\xbe\xff\x01\x00',b'\xff',b'\x00',b'\x01',b'\x03',b'\x02',b'\x10',b'\xff',b'\x12',b'\x13',b'\x14',b'\x15',b'\x0e',b'\n',b'\x0b',b'\x0f',b'D',b'\x16',8,23278,b'\x00\x00\x00\x00',b'\xdb{\x00\x00',b'\x00\x00\x00\x00'
b'\xc1\x81\x00\x00',b'\x00\x00\x01\x00',b'\x00\x80\x00\x00',b'\xdfg\x00\x00',103,5616,1,2,1,0,0,0,133,b'\xbe\xff\x01\x00',b'\xff',b'\x00',b'\x01',b'\x03',b'\x02',b'\x10',b'\xff',b'\x12',b'\x13',b'\x14',b'\x15',b'\x0e',b'\n',b'\x0b',b'\x0f',b'D',b'\x16',10,23278,b'\x00\x00\x00\x00',b'\xdb{\x00\x00',b'\x00\x00\x00\x00'
b'\xc1\x81\x00\x00',b'\x00\x00\x01\x00',b'\x00\x80\x00\x00',b'\xdfg\x00\x00',96,5265,1,2,1,0,0,0,133,b'\xbe\xff\x01\x00',b'\xff',b'\x00',b'\x01',b'\x03',b'\x02',b'\x10',b'\xff',b'\x12',b'\x13',b'\x14',b'\x15',b'\x0e',b'\n',b'\x0b',b'\x0f',b'D',b'\x16',6,23246,b'\x00\x00\x00\x00',b'\xdb{\x00\x00',b'\x00\x00\x00\x00'
b'\xc1\x81\x00\x00',b'\x00\x00\x01\x00',b'\x00\x80\x00\x00',b'\xdfg\x00\x00',89,5265,1,2,1,0,0,0,133,b'\xbe\xff\x01\x00',b'\xff',b'\x00',b'\x01',b'\x03',b'\x02',b'\x10',b'\xff',b'\x12',b'\x13',b'\x14',b'\x15',b'\x0e',b'\n',b'\x0b',b'\x0f',b'D',b'\x16',5,23198,b'\x00\x00\x00\x00',b'\xdb{\x00\x00',b'\x00\x00\x00\x00'
b'\xc1\x81\x00\x00',b'\x00\x00\x01\x00',b'\x00\x80\x00\x00',b'\xdfg\x00\x00',83,5265,1,2,1,0,0,0,133,b'\xbe\xff\x01\x00',b'\xff',b'\x00',b'\x01',b'\x03',b'\x02',b'\x10',b'\xff',b'\x12',b'\x13',b'\x14',b'\x15',b'\x0e',b'\n',b'\x0b',b'\x0f',b'D',b'\x16',6,23246,b'\x00\x00\x00\x00',b'\xdb{\x00\x00',b'\x00\x00\x00\x00'
b'\xc1\x81\x00\x00',b'\x00\x00\x01\x00',b'\x00\x80\x00\x00',b'\xdfg\x00\x00',82,5265,1,2,1,0,0,0,133,b'\xbe\xff\x01\x00',b'\xff',b'\x00',b'\x01',b'\x03',b'\x02',b'\x10',b'\xff',b'\x12',b'\x13',b'\x14',b'\x15',b'\x0e',b'\n',b'\x0b',b'\x0f',b'D',b'\x16',6,23278,b'\x00\x00\x00\x00',b'\xdb{\x00\x00',b'\x00\x00\x00\x00'
b'\xc1\x81\x00\x00',b'\x00\x00\x01\x00',b'\x00\x80\x00\x00',b'\xdfg\x00\x00',83,5265,1,2,1,0,0,0,133,b'\xbe\xff\x01\x00',b'\xff',b'\x00',b'\x01',b'\x03',b'\x02',b'\x10',b'\xff',b'\x12',b'\x13',b'\x14',b'\x15',b'\x0e',b'\n',b'\x0b',b'\x0f',b'D',b'\x16',5,23278,b'\x00\x00\x00\x00',b'\xdb{\x00\x00',b'\x00\x00\x00\x00'
b'\xc1\x81\x00\x00',b'\x00\x00\x01\x00',b'\x00\x80\x00\x00',b'\xdfg\x00\x00',95,5616,1,2,1,0,0,0,133,b'\xbe\xff\x01\x00',b'\xff',b'\x00',b'\x01',b'\x03',b'\x02',b'\x10',b'\xff',b'\x12',b'\x13',b'\x14',b'\x15',b'\x0e',b'\n',b'\x0b',b'\x0f',b'D',b'\x16',9,23198,b'\x00\x00\x00\x00',b'\xdb{\x00\x00',b'\x00\x00\x00\x00'
b'\xc1\x81\x00\x00',b'\x00\x00\x01\x00',b'\x00\x80\x00\x00',b'\xdfg\x00\x00',95,5616,1,2,1,0,0,0,133,b'\xbe\xff\x01\x00',b'\xff',b'\x00',b'\x01',b'\x03',b'\x02',b'\x10',b'\xff',b'\x12',b'\x13',b'\x14',b'\x15',b'\x0e',b'\n',b'\x0b',b'\x0f',b'D',b'\x16',8,23198,b'\x00\x00\x00\x00',b'\xdb{\x00\x00',b'\x00\x00\x00\x00'
b'\xc1\x81\x00\x00',b'\x00\x00\x01\x00',b'\x00\x80\x00\x00',b'\xdfg\x00\x00',95,5616,1,2,1,0,0,0,133,b'\xbe\xff\x01\x00',b'\xff',b'\x00',b'\x01',b'\x03',b'\x02',b'\x10',b'\xff',b'\x12',b'\x13',b'\x14',b'\x15',b'\x0e',b'\n',b'\x0b',b'\x0f',b'D',b'\x16',12,23198,b'\x00\x00\x00\x00',b'\xdb{\x00\x00',b'\x00\x00\x00\x00'
b'\xc1\x81\x00\x00',b'\x00\x00\x01\x00',b'\x00\x80\x00\x00',b'\xdfg\x00\x00',101,5616,1,2,1,0,0,0,133,b'\xbe\xff\x01\x00',b'\xff',b'\x00',b'\x01',b'\x03',b'\x02',b'\x10',b'\xff',b'\x12',b'\x13',b'\x14',b'\x15',b'\x0e',b'\n',b'\x0b',b'\x0f',b'D',b'\x16',6,23278,b'\x00\x00\x00\x00',b'\xdb{\x00\x00',b'\x00\x00\x00\x00'
b'\xc1\x81\x00\x00',b'\x00\x00\x01\x00',b'\x00\x80\x00\x00',b'\xdfg\x00\x00',94,5616,1,2,1,0,0,0,133,b'\xbe\xff\x01\x00',b'\xff',b'\x00',b'\x01',b'\x03',b'\x02',b'\x10',b'\xff',b'\x12',b'\x13',b'\x14',b'\x15',b'\x0e',b'\n',b'\x0b',b'\x0f',b'D',b'\x16',7,23198,b'\x00\x00\x00\x00',b'\xdb{\x00\x00',b'\x00\x00\x00\x00'
b'\xc1\x81\x00\x00',b'\x00\x00\x01\x00',b'\x00\x80\x00\x00',b'\xdfg\x00\x00',88,5616,1,2,1,0,0,0,133,b'\xbe\xff\x01\x00',b'\xff',b'\x00',b'\x01',b'\x03',b'\x02',b'\x10',b'\xff',b'\x12',b'\x13',b'\x14',b'\x15',b'\x0e',b'\n',b'\x0b',b'\x0f',b'D',b'\x16',8,23278,b'\x00\x00\x00\x00',b'\xdb{\x00\x00',b'\x00\x00\x00\x00'
b'\xc1\x81\x00\x00',b'\x00\x00\x01\x00',b'\x00\x80\x00\x00',b'\xdfg\x00\x00',88,5616,1,2,1,0,0,0,133,b'\xbe\xff\x01\x00',b'\xff',b'\x00',b'\x01',b'\x03',b'\x02',b'\x10',b'\xff',b'\x12',b'\x13',b'\x14',b'\x15',b'\x0e',b'\n',b'\x0b',b'\x0f',b'D',b'\x16',6,23198,b'\x00\x00\x00\x00',b'\xdb{\x00\x00',b'\x00\x00\x00\x00'
b'\xc1\x81\x00\x00',b'\x00\x00\x01\x00',b'\x00\x80\x00\x00',b'\xdfg\x00\x00',94,5616,1,2,1,0,0,0,133,b'\xbe\xff\x01\x00',b'\xff',b'\x00',b'\x01',b'\x03',b'\x02',b'\x10',b'\xff',b'\x12',b'\x13',b'\x14',b'\x15',b'\x0e',b'\n',b'\x0b',b'\x0f',b'D',b'\x16',12,23198,b'\x00\x00\x00\x00',b'\xdb{\x00\x00',b'\x00\x00\x00\x00'
b'\xc1\x81\x00\x00',b'\x00\x00\x01\x00',b'\x00\x80\x00\x00',b'\xdfg\x00\x00',94,5616,1,2,1,0,0,0,133,b'\xbe\xff\x01\x00',b'\xff',b'\x00',b'\x01',b'\x03',b'\x02',b'\x10',b'\xff',b'\x12',b'\x13',b'\x14',b'\x15',b'\x0e',b'\n',b'\x0b',b'\x0f',b'D',b'\x16',4,23198,b'\x00\x00\x00\x00',b'\xdb{\x00\x00',b'\x00\x00\x00\x00'
b'\xc1\x81\x00\x00',b'\x00\x00\x01\x00',b'\x00\x80\x00\x00',b'\xdfg\x00\x00',94,5616,1,2,1,0,0,0,133,b'\xbe\xff\x01\x00',b'\xff',b'\x00',b'\x01',b'\x03',b'\x02',b'\x10',b'\xff',b'\x12',b'\x13',b'\x14',b'\x15',b'\x0e',b'\n',b'\x0b',b'\x0f',b'D',b'\x16',12,23198,b'\x00\x00\x00\x00',b'\xdb{\x00\x00',b'\x00\x00\x00\x00'
b'\xc1\x81\x00\x00',b'\x00\x00\x01\x00',b'\x00\x80\x00\x00',b'\xdfg\x00\x00',94,5616,1,2,1,0,0,0,133,b'\xbe\xff\x01\x00',b'\xff',b'\x00',b'\x01',b'\x03',b'\x02',b'\x10',b'\xff',b'\x12',b'\x13',b'\x14',b'\x15',b'\x0e',b'\n',b'\x0b',b'\x0f',b'D',b'\x16',14,23246,b'\x00\x00\x00\x00',b'\xdb{\x00\x00',b'\x00\x00\x00\x00'
b'\xc1\x81\x00\x00',b'\x00\x00\x01\x00',b'\x00\x80\x00\x00',b'\xdfg\x00\x00',93,5616,1,2,1,0,0,0,133,b'\xbe\xff\x01\x00',b'\xff',b'\x00',b'\x01',b'\x03',b'\x02',b'\x10',b'\xff',b'\x12',b'\x13',b'\x14',b'\x15',b'\x0e',b'\n',b'\x0b',b'\x0f',b'D',b'\x16',6,23278,b'\x00\x00\x00\x00',b'\xdb{\x00\x00',b'\x00\x00\x00\x00'
b'\xc1\x81\x00\x00',b'\x00\x00\x01\x00',b'\x00\x80\x00\x00',b'\xdfg\x00\x00',94,5616,1,2,1,0,0,0,133,b'\xbe\xff\x01\x00',b'\xff',b'\x00',b'\x01',b'\x03',b'\x02',b'\x10',b'\xff',b'\x12',b'\x13',b'\x14',b'\x15',b'\x0e',b'\n',b'\x0b',b'\x0f',b'D',b'\x16',7,23278,b'\x00\x00\x00\x00',b'\xdb{\x00\x00',b'\x00\x00\x00\x00'
b'\xc1\x81\x00\x00',b'\x00\x00\x01\x00',b'\x00\x80\x00\x00',b'\xdfg\x00\x00',94,5616,1,2,1,0,0,0,133,b'\xbe\xff\x01\x00',b'\xff',b'\x00',b'\x01',b'\x03',b'\x02',b'\x10',b'\xff',b'\x12',b'\x13',b'\x14',b'\x15',b'\x0e',b'\n',b'\x0b',b'\x0f',b'D',b'\x16',21,23278,b'\x00\x00\x00\x00',b'\xdb{\x00\x00',b'\x00\x00\x00\x00'
b'\xc1\x81\x00\x00',b'\x00\x00\x01\x00',b'\x00\x80\x00\x00',b'\xdfg\x00\x00',94,5616,1,2,1,0,0,0,133,b'\xbe\xff\x01\x00',b'\xff',b'\x00',b'\x01',b'\x03',b'\x02',b'\x10',b'\xff',b'\x12',b'\x13',b'\x14',b'\x15',b'\x0e',b'\n',b'\x0b',b'\x0f',b'D',b'\x16',6,23278,b'\x00\x00\x00\x00',b'\xdb{\x00\x00',b'\x00\x00\x00\x00'
b'\xc1\x81\x00\x00',b'\x00\x00\x01\x00',b'\x00\x80\x00\x00',b'\xdfg\x00\x00',94,5616,1,2,1,0,0,0,133,b'\xbe\xff\x01\x00',b'\xff',b'\x00',b'\x01',b'\x03',b'\x02',b'\x10',b'\xff',b'\x12',b'\x13',b'\x14',b'\x15',b'\x0e',b'\n',b'\x0b',b'\x0f',b'D',b'\x16',10,23278,b'\x00\x00\x00\x00',b'\xdb{\x00\x00',b'\x00\x00\x00\x00'
b'\xc1\x81\x00\x00',b'\x00\x00\x01\x00',b'\x00\x80\x00\x00',b'\xdfg\x00\x00',94,5616,1,2,1,0,0,0,133,b'\xbe\xff\x01\x00',b'\xff',b'\x00',b'\x01',b'\x03',b'\x02',b'\x10',b'\xff',b'\x12',b'\x13',b'\x14',b'\x15',b'\x0e',b'\n',b'\x0b',b'\x0f',b'D',b'\x16',25,23278,b'\x00\x00\x00\x00',b'\xdb{\x00\x00',b'\x00\x00\x00\x00'
b'\xc1\x81\x00\x00',b'\x00\x00\x01\x00',b'\x00\x80\x00\x00',b'\xdfg\x00\x00',94,5265,1,2,1,0,0,0,133,b'\xbe\xff\x01\x00',b'\xff',b'\x00',b'\x01',b'\x03',b'\x02',b'\x10',b'\xff',b'\x12',b'\x13',b'\x14',b'\x15',b'\x0e',b'\n',b'\x0b',b'\x0f',b'D',b'\x16',14,23278,b'\x00\x00\x00\x00',b'\xdb{\x00\x00',b'\x00\x00\x00\x00'
b'\xc1\x81\x00\x00',b'\x00\x00\x01\x00',b'\x00\x80\x00\x00',b'\xdfg\x00\x00',88,5265,1,2,1,0,0,0,133,b'\xbe\xff\x01\x00',b'\xff',b'\x00',b'\x01',b'\x03',b'\x02',b'\x10',b'\xff',b'\x12',b'\x13',b'\x14',b'\x15',b'\x0e',b'\n',b'\x0b',b'\x0f',b'D',b'\x16',5,23278,b'\x00\x00\x00\x00',b'\xdb{\x00\x00',b'\x00\x00\x00\x00'
b'\xc1\x81\x00\x00',b'\x00\x00\x01\x00',b'\x00\x80\x00\x00',b'\xdfg\x00\x00',88,5265,1,2,1,0,0,0,133,b'\xbe\xff\x01\x00',b'\xff',b'\x00',b'\x01',b'\x03',b'\x02',b'\x10',b'\xff',b'\x12',b'\x13',b'\x14',b'\x15',b'\x0e',b'\n',b'\x0b',b'\x0f',b'D',b'\x16',6,23278,b'\x00\x00\x00\x00',b'\xdb{\x00\x00',b'\x00\x00\x00\x00'
b'\xc1\x81\x00\x00',b'\x00\x00\x01\x00',b'\x00\x80\x00\x00',b'\xdfg\x00\x00',87,5265,1,2,1,0,0,0,133,b'\xbe\xff\x01\x00',b'\xff',b'\x00',b'\x01',b'\x03',b'\x02',b'\x10',b'\xff',b'\x12',b'\x13',b'\x14',b'\x15',b'\x0e',b'\n',b'\x0b',b'\x0f',b'D',b'\x16',14,23198,b'\x00\x00\x00\x00',b'\xdb{\x00\x00',b'\x00\x00\x00\x00'
b'\xc1\x81\x00\x00',b'\x00\x00\x01\x00',b'\x00\x80\x00\x00',b'\xdfg\x00\x00',87,5265,1,2,1,0,0,0,133,b'\xbe\xff\x01\x00',b'\xff',b'\x00',b'\x01',b'\x03',b'\x02',b'\x10',b'\xff',b'\x12',b'\x13',b'\x14',b'\x15',b'\x0e',b'\n',b'\x0b',b'\x0f',b'D',b'\x16',10,23198,b'\x00\x00\x00\x00',b'\xdb{\x00\x00',b'\x00\x00\x00\x00'
b'\xc1\x81\x00\x00',b'\x00\x00\x01\x00',b'\x00\x80\x00\x00',b'\xdfg\x00\x00',87,5265,1,2,1,0,0,0,133,b'\xbe\xff\x01\x00',b'\xff',b'\x00',b'\x01',b'\x03',b'\x02',b'\x10',b'\xff',b'\x12',b'\x13',b'\x14',b'\x15',b'\x0e',b'\n',b'\x0b',b'\x0f',b'D',b'\x16',22,23198,b'\x00\x00\x00\x00',b'\xdb{\x00\x00',b'\x00\x00\x00\x00'
b'\xc1\x81\x00\x00',b'\x00\x00\x01\x00',b'\x00\x80\x00\x00',b'\xdfg\x00\x00',87,5265,1,2,1,0,0,0,133,b'\xbe\xff\x01\x00',b'\xff',b'\x00',b'\x01',b'\x03',b'\x02',b'\x10',b'\xff',b'\x12',b'\x13',b'\x14',b'\x15',b'\x0e',b'\n',b'\x0b',b'\x0f',b'D',b'\x16',16,23278,b'\x00\x00\x00\x00',b'\xdb{\x00\x00',b'\x00\x00\x00\x00'
b'\xc1\x81\x00\x00',b'\x00\x00\x01\x00',b'\x00\x80\x00\x00',b'\xdfg\x00\x00',87,5265,1,2,1,0,0,0,133,b'\xbe\xff\x01\x00',b'\xff',b'\x00',b'\x01',b'\x03',b'\x02',b'\x10',b'\xff',b'\x12',b'\x13',b'\x14',b'\x15',b'\x0e',b'\n',b'\x0b',b'\x0f',b'D',b'\x16',14,23278,b'\x00\x00\x00\x00',b'\xdb{\x00\x00',b'\x00\x00\x00\x00'
b'\xc1\x81\x00\x00',b'\x00\x00\x01\x00',b'\x00\x80\x00\x00',b'\xdfg\x00\x00',87,5265,1,2,1,0,0,0,133,b'\xbe\xff\x01\x00',b'\xff',b'\x00',b'\x01',b'\x03',b'\x02',b'\x10',b'\xff',b'\x12',b'\x13',b'\x14',b'\x15',b'\x0e',b'\n',b'\x0b',b'\x0f',b'D',b'\x16',6,23198,b'\x00\x00\x00\x00',b'\xdb{\x00\x00',b'\x00\x00\x00\x00'
b'\xc1\x81\x00\x00',b'\x00\x00\x01\x00',b'\x00\x80\x00\x00',b'\xdfg\x00\x00',87,5265,1,2,1,0,0,0,133,b'\xbe\xff\x01\x00',b'\xff',b'\x00',b'\x01',b'\x03',b'\x02',b'\x10',b'\xff',b'\x12',b'\x13',b'\x14',b'\x15',b'\x0e',b'\n',b'\x0b',b'\x0f',b'D',b'\x16',5,23278,b'\x00\x00\x00\x00',b'\xdb{\x00\x00',b'\x00\x00\x00\x00'
b'\xc1\x81\x00\x00',b'\x00\x00\x01\x00',b'\x00\x80\x00\x00',b'\xdfg\x00\x00',87,5265,1,2,1,0,0,0,133,b'\xbe\xff\x01\x00',b'\xff',b'\x00',b'\x01',b'\x03',b'\x02',b'\x10',b'\xff',b'\x12',b'\x13',b'\x14',b'\x15',b'\x0e',b'\n',b'\x0b',b'\x0f',b'D',b'\x16',4,23246,b'\x00\x00\x00\x00',b'\xdb{\x00\x00',b'\x00\x00\x00\x00'
b'\xc1\x81\x00\x00',b'\x00\x00\x01\x00',b'\x00\x80\x00\x00',b'\xdfg\x00\x00',87,5265,1,2,1,0,0,0,133,b'\xbe\xff\x01\x00',b'\xff',b'\x00',b'\x01',b'\x03',b'\x02',b'\x10',b'\xff',b'\x12',b'\x13',b'\x14',b'\x15',b'\x0e',b'\n',b'\x0b',b'\x0f',b'D',b'\x16',4,23198,b'\x00\x00\x00\x00',b'\xdb{\x00\x00',b'\x00\x00\x00\x00'
b'\xc1\x81\x00\x00',b'\x00\x00\x01\x00',b'\x00\x80\x00\x00',b'\xdfg\x00\x00',81,5265,1,2,1,0,0,0,133,b'\xbe\xff\x01\x00',b'\xff',b'\x00',b'\x01',b'\x03',b'\x02',b'\x10',b'\xff',b'\x12',b'\x13',b'\x14',b'\x15',b'\x0e',b'\n',b'\x0b',b'\x0f',b'D',b'\x16',5,23278,b'\x00\x00\x00\x00',b'\xdb{\x00\x00',b'\x00\x00\x00\x00'
b'\xc1\x81\x00\x00',b'\x00\x00\x01\x00',b'\x00\x80\x00\x00',b'\xdfg\x00\x00',81,5265,1,2,1,0,0,0,133,b'\xbe\xff\x01\x00',b'\xff',b'\x00',b'\x01',b'\x03',b'\x02',b'\x10',b'\xff',b'\x12',b'\x13',b'\x14',b'\x15',b'\x0e',b'\n',b'\x0b',b'\x0f',b'D',b'\x16',4,23278,b'\x00\x00\x00\x00',b'\xdb{\x00\x00',b'\x00\x00\x00\x00'
b'\xc1\x81\x00\x00',b'\x00\x00\x01\x00',b'\x00\x80\x00\x00',b'\xdfg\x00\x00',81,5265,1,2,1,0,0,0,133,b'\xbe\xff\x01\x00',b'\xff',b'\x00',b'\x01',b'\x03',b'\x02',b'\x10',b'\xff',b'\x12',b'\x13',b'\x14',b'\x15',b'\x0e',b'\n',b'\x0b',b'\x0f',b'D',b'\x16',7,23278,b'\x00\x00\x00\x00',b'\xdb{\x00\x00',b'\x00\x00\x00\x00'
b'\xc1\x81\x00\x00',b'\x00\x00\x01\x00',b'\x00\x80\x00\x00',b'\xdfg\x00\x00',87,5265,1,2,1,0,0,0,133,b'\xbe\xff\x01\x00',b'\xff',b'\x00',b'\x01',b'\x03',b'\x02',b'\x10',b'\xff',b'\x12',b'\x13',b'\x14',b'\x15',b'\x0e',b'\n',b'\x0b',b'\x0f',b'D',b'\x16',8,23278,b'\x00\x00\x00\x00',b'\xdb{\x00\x00',b'\x00\x00\x00\x00'
b'\xc1\x81\x00\x00',b'\x00\x00\x01\x00',b'\x00\x80\x00\x00',b'\xdfg\x00\x00',86,5265,1,2,1,0,0,0,133,b'\xbe\xff\x01\x00',b'\xff',b'\x00',b'\x01',b'\x03',b'\x02',b'\x10',b'\xff',b'\x12',b'\x13',b'\x14',b'\x15',b'\x0e',b'\n',b'\x0b',b'\x0f',b'D',b'\x16',6,23278,b'\x00\x00\x00\x00',b'\xdb{\x00\x00',b'\x00\x00\x00\x00'
b'\xc1\x81\x00\x00',b'\x00\x00\x01\x00',b'\x00\x80\x00\x00',b'\xdfg\x00\x00',86,5265,1,2,1,0,0,0,133,b'\xbe\xff\x01\x00',b'\xff',b'\x00',b'\x01',b'\x03',b'\x02',b'\x10',b'\xff',b'\x12',b'\x13',b'\x14',b'\x15',b'\x0e',b'\n',b'\x0b',b'\x0f',b'D',b'\x16',6,23278,b'\x00\x00\x00\x00',b'\xdb{\x00\x00',b'\x00\x00\x00\x00'
b'\xc1\x81\x00\x00',b'\x00\x00\x01\x00',b'\x00\x80\x00\x00',b'\xdfg\x00\x00',86,5265,1,2,1,0,0,0,133,b'\xbe\xff\x01\x00',b'\xff',b'\x00',b'\x01',b'\x03',b'\x02',b'\x10',b'\xff',b'\x12',b'\x13',b'\x14',b'\x15',b'\x0e',b'\n',b'\x0b',b'\x0f',b'D',b'\x16',4,23198,b'\x00\x00\x00\x00',b'\xdb{\x00\x00',b'\x00\x00\x00\x00'
b'\xc1\x81\x00\x00',b'\x00\x00\x01\x00',b'\x00\x80\x00\x00',b'\xdfg\x00\x00',86,5265,1,2,1,0,0,0,133,b'\xbe\xff\x01\x00',b'\xff',b'\x00',b'\x01',b'\x03',b'\x02',b'\x10',b'\xff',b'\x12',b'\x13',b'\x14',b'\x15',b'\x0e',b'\n',b'\x0b',b'\x0f',b'D',b'\x16',7,23278,b'\x00\x00\x00\x00',b'\xdb{\x00\x00',b'\x00\x00\x00\x00'
b'\xc1\x81\x00\x00',b'\x00\x00\x01\x00',b'\x00\x80\x00\x00',b'\xdfg\x00\x00',86,5265,1,2,1,0,0,0,133,b'\xbe\xff\x01\x00',b'\xff',b'\x00',b'\x01',b'\x03',b'\x02',b'\x10',b'\xff',b'\x12',b'\x13',b'\x14',b'\x15',b'\x0e',b'\n',b'\x0b',b'\x0f',b'D',b'\x16',7,23198,b'\x00\x00\x00\x00',b'\xdb{\x00\x00',b'\x00\x00\x00\x00'
b'\xc1\x81\x00\x00',b'\x00\x00\x01\x00',b'\x00\x80\x00\x00',b'\xdfg\x00\x00',80,5265,1,2,1,0,0,0,133,b'\xbe\xff\x01\x00',b'\xff',b'\x00',b'\x01',b'\x03',b'\x02',b'\x10',b'\xff',b'\x12',b'\x13',b'\x14',b'\x15',b'\x0e',b'\n',b'\x0b',b'\x0f',b'D',b'\x16',6,23198,b'\x00\x00\x00\x00',b'\xdb{\x00\x00',b'\x00\x00\x00\x00'
b'\xc1\x81\x00\x00',b'\x00\x00\x01\x00',b'\x00\x80\x00\x00',b'\xdfg\x00\x00',80,5265,1,2,1,0,0,0,133,b'\xbe\xff\x01\x00',b'\xff',b'\x00',b'\x01',b'\x03',b'\x02',b'\x10',b'\xff',b'\x12',b'\x13',b'\x14',b'\x15',b'\x0e',b'\n',b'\x0b',b'\x0f',b'D',b'\x16',4,23278,b'\x00\x00\x00\x00',b'\xdb{\x00\x00',b'\x00\x00\x00\x00'
b'\xc1\x81\x00\x00',b'\x00\x00\x01\x00',b'\x00\x80\x00\x00',b'\xdfg\x00\x00',80,5265,1,2,1,0,0,0,133,b'\xbe\xff\x01\x00',b'\xff',b'\x00',b'\x01',b'\x03',b'\x02',b'\x10',b'\xff',b'\x12',b'\x13',b'\x14',b'\x15',b'\x0e',b'\n',b'\x0b',b'\x0f',b'D',b'\x16',4,23278,b'\x00\x00\x00\x00',b'\xdb{\x00\x00',b'\x00\x00\x00\x00'
b'\xc1\x81\x00\x00',b'\x00\x00\x01\x00',b'\x00\x80\x00\x00',b'\xdfg\x00\x00',80,5265,1,2,1,0,0,0,133,b'\xbe\xff\x01\x00',b'\xff',b'\x00',b'\x01',b'\x03',b'\x02',b'\x10',b'\xff',b'\x12',b'\x13',b'\x14',b'\x15',b'\x0e',b'\n',b'\x0b',b'\x0f',b'D',b'\x16',6,23278,b'\x00\x00\x00\x00',b'\xdb{\x00\x00',b'\x00\x00\x00\x00'
b'\xc1\x81\x00\x00',b'\x00\x00\x01\x00',b'\x00\x80\x00\x00',b'\xdfg\x00\x00',80,5265,1,2,1,0,0,0,133,b'\xbe\xff\x01\x00',b'\xff',b'\x00',b'\x01',b'\x03',b'\x02',b'\x10',b'\xff',b'\x12',b'\x13',b'\x14',b'\x15',b'\x0e',b'\n',b'\x0b',b'\x0f',b'D',b'\x16',4,23198,b'\x00\x00\x00\x00',b'\xdb{\x00\x00',b'\x00\x00\x00\x00'
b'\xc1\x81\x00\x00',b'\x00\x00\x01\x00',b'\x00\x80\x00\x00',b'\xdfg\x00\x00',80,5265,1,2,1,0,0,0,133,b'\xbe\xff\x01\x00',b'\xff',b'\x00',b'\x01',b'\x03',b'\x02',b'\x10',b'\xff',b'\x12',b'\x13',b'\x14',b'\x15',b'\x0e',b'\n',b'\x0b',b'\x0f',b'D',b'\x16',4,23278,b'\x00\x00\x00\x00',b'\xdb{\x00\x00',b'\x00\x00\x00\x00'
b'\xc1\x81\x00\x00',b'\x00\x00\x01\x00',b'\x00\x80\x00\x00',b'\xdfg\x00\x00',80,5265,1,2,1,0,0,0,133,b'\xbe\xff\x01\x00',b'\xff',b'\x00',b'\x01',b'\x03',b'\x02',b'\x10',b'\xff',b'\x12',b'\x13',b'\x14',b'\x15',b'\x0e',b'\n',b'\x0b',b'\x0f',b'D',b'\x16',4,23182,b'\x00\x00\x00\x00',b'\xdb{\x00\x00',b'\x00\x00\x00\x00'
b'\xc1\x81\x00\x00',b'\x00\x00\x01\x00',b'\x00\x80\x00\x00',b'\xdfg\x00\x00',80,5265,1,2,1,0,0,0,133,b'\xbe\xff\x01\x00',b'\xff',b'\x00',b'\x01',b'\x03',b'\x02',b'\x10',b'\xff',b'\x12',b'\x13',b'\x14',b'\x15',b'\x0e',b'\n',b'\x0b',b'\x0f',b'D',b'\x16',4,23198,b'\x00\x00\x00\x00',b'\xdb{\x00\x00',b'\x00\x00\x00\x00'
b'\xc1\x81\x00\x00',b'\x00\x00\x01\x00',b'\x00\x80\x00\x00',b'\xdfg\x00\x00',80,5265,1,2,1,0,0,0,133,b'\xbe\xff\x01\x00',b'\xff',b'\x00',b'\x01',b'\x03',b'\x02',b'\x10',b'\xff',b'\x12',b'\x13',b'\x14',b'\x15',b'\x0e',b'\n',b'\x0b',b'\x0f',b'D',b'\x16',3,23278,b'\x00\x00\x00\x00',b'\xdb{\x00\x00',b'\x00\x00\x00\x00'
b'\xc1\x81\x00\x00',b'\x00\x00\x01\x00',b'\x00\x80\x00\x00',b'\xdfg\x00\x00',80,5265,1,2,1,0,0,0,133,b'\xbe\xff\x01\x00',b'\xff',b'\x00',b'\x01',b'\x03',b'\x02',b'\x10',b'\xff',b'\x12',b'\x13',b'\x14',b'\x15',b'\x0e',b'\n',b'\x0b',b'\x0f',b'D',b'\x16',7,23278,b'\x00\x00\x00\x00',b'\xdb{\x00\x00',b'\x00\x00\x00\x00'
b'\xc1\x81\x00\x00',b'\x00\x00\x01\x00',b'\x00\x80\x00\x00',b'\xdfg\x00\x00',80,5265,1,2,1,0,0,0,133,b'\xbe\xff\x01\x00',b'\xff',b'\x00',b'\x01',b'\x03',b'\x02',b'\x10',b'\xff',b'\x12',b'\x13',b'\x14',b'\x15',b'\x0e',b'\n',b'\x0b',b'\x0f',b'D',b'\x16',6,23198,b'\x00\x00\x00\x00',b'\xdb{\x00\x00',b'\x00\x00\x00\x00'
b'\xc1\x81\x00\x00',b'\x00\x00\x01\x00',b'\x00\x80\x00\x00',b'\xdfg\x00\x00',80,5265,1,2,1,0,0,0,133,b'\xbe\xff\x01\x00',b'\xff',b'\x00',b'\x01',b'\x03',b'\x02',b'\x10',b'\xff',b'\x12',b'\x13',b'\x14',b'\x15',b'\x0e',b'\n',b'\x0b',b'\x0f',b'D',b'\x16',5,23198,b'\x00\x00\x00\x00',b'\xdb{\x00\x00',b'\x00\x00\x00\x00'
b'\xc1\x81\x00\x00',b'\x00\x00\x01\x00',b'\x00\x80\x00\x00',b'\xdfg\x00\x00',81,5265,1,2,1,0,0,0,133,b'\xbe\xff\x01\x00',b'\xff',b'\x00',b'\x01',b'\x03',b'\x02',b'\x10',b'\xff',b'\x12',b'\x13',b'\x14',b'\x15',b'\x0e',b'\n',b'\x0b',b'\x0f',b'D',b'\x16',5,23278,b'\x00\x00\x00\x00',b'\xdb{\x00\x00',b'\x00\x00\x00\x00'
b'\xc1\x81\x00\x00',b'\x00\x00\x01\x00',b'\x00\x80\x00\x00',b'\xdfg\x00\x00',81,5265,1,2,1,0,0,0,133,b'\xbe\xff\x01\x00',b'\xff',b'\x00',b'\x01',b'\x03',b'\x02',b'\x10',b'\xff',b'\x12',b'\x13',b'\x14',b'\x15',b'\x0e',b'\n',b'\x0b',b'\x0f',b'D',b'\x16',5,23182,b'\x00\x00\x00\x00',b'\xdb{\x00\x00',b'\x00\x00\x00\x00'
b'\xc1\x81\x00\x00',b'\x00\x00\x01\x00',b'\x00\x80\x00\x00',b'\xdfg\x00\x00',86,5265,1,2,1,0,0,0,133,b'\xbe\xff\x01\x00',b'\xff',b'\x00',b'\x01',b'\x03',b'\x02',b'\x10',b'\xff',b'\x12',b'\x13',b'\x14',b'\x15',b'\x0e',b'\n',b'\x0b',b'\x0f',b'D',b'\x16',5,23246,b'\x00\x00\x00\x00',b'\xdb{\x00\x00',b'\x00\x00\x00\x00'
b'\xc1\x81\x00\x00',b'\x00\x00\x01\x00',b'\x00\x80\x00\x00',b'\xdfg\x00\x00',86,5265,1,2,1,0,0,0,133,b'\xbe\xff\x01\x00',b'\xff',b'\x00',b'\x01',b'\x03',b'\x02',b'\x10',b'\xff',b'\x12',b'\x13',b'\x14',b'\x15',b'\x0e',b'\n',b'\x0b',b'\x0f',b'D',b'\x16',5,23278,b'\x00\x00\x00\x00',b'\xdb{\x00\x00',b'\x00\x00\x00\x00'
b'\xc1\x81\x00\x00',b'\x00\x00\x01\x00',b'\x00\x80\x00\x00',b'\xdfg\x00\x00',86,5265,1,2,1,0,0,0,133,b'\xbe\xff\x01\x00',b'\xff',b'\x00',b'\x01',b'\x03',b'\x02',b'\x10',b'\xff',b'\x12',b'\x13',b'\x14',b'\x15',b'\x0e',b'\n',b'\x0b',b'\x0f',b'D',b'\x16',4,23198,b'\x00\x00\x00\x00',b'\xdb{\x00\x00',b'\x00\x00\x00\x00'
b'\xc1\x81\x00\x00',b'\x00\x00\x01\x00',b'\x00\x80\x00\x00',b'\xdfg\x00\x00',80,5265,1,2,1,0,0,0,133,b'\xbe\xff\x01\x00',b'\xff',b'\x00',b'\x01',b'\x03',b'\x02',b'\x10',b'\xff',b'\x12',b'\x13',b'\x14',b'\x15',b'\x0e',b'\n',b'\x0b',b'\x0f',b'D',b'\x16',5,23278,b'\x00\x00\x00\x00',b'\xdb{\x00\x00',b'\x00\x00\x00\x00'
b'\xc1\x81\x00\x00',b'\x00\x00\x01\x00',b'\x00\x80\x00\x00',b'\xdfg\x00\x00',80,5265,1,2,1,0,0,0,133,b'\xbe\xff\x01\x00',b'\xff',b'\x00',b'\x01',b'\x03',b'\x02',b'\x10',b'\xff',b'\x12',b'\x13',b'\x14',b'\x15',b'\x0e',b'\n',b'\x0b',b'\x0f',b'D',b'\x16',5,23278,b'\x00\x00\x00\x00',b'\xdb{\x00\x00',b'\x00\x00\x00\x00'
b'\xc1\x81\x00\x00',b'\x00\x00\x01\x00',b'\x00\x80\x00\x00',b'\xdfg\x00\x00',86,5265,1,2,1,0,0,0,133,b'\xbe\xff\x01\x00',b'\xff',b'\x00',b'\x01',b'\x03',b'\x02',b'\x10',b'\xff',b'\x12',b'\x13',b'\x14',b'\x15',b'\x0e',b'\n',b'\x0b',b'\x0f',b'D',b'\x16',5,23278,b'\x00\x00\x00\x00',b'\xdb{\x00\x00',b'\x00\x00\x00\x00'
b'\xc1\x81\x00\x00',b'\x00\x00\x01\x00',b'\x00\x80\x00\x00',b'\xdfg\x00\x00',86,5265,1,2,1,0,0,0,133,b'\xbe\xff\x01\x00',b'\xff',b'\x00',b'\x01',b'\x03',b'\x02',b'\x10',b'\xff',b'\x12',b'\x13',b'\x14',b'\x15',b'\x0e',b'\n',b'\x0b',b'\x0f',b'D',b'\x16',4,23278,b'\x00\x00\x00\x00',b'\xdb{\x00\x00',b'\x00\x00\x00\x00'
b'\xc1\x81\x00\x00',b'\x00\x00\x01\x00',b'\x00\x80\x00\x00',b'\xdfg\x00\x00',85,5265,1,2,1,0,0,0,133,b'\xbe\xff\x01\x00',b'\xff',b'\x00',b'\x01',b'\x03',b'\x02',b'\x10',b'\xff',b'\x12',b'\x13',b'\x14',b'\x15',b'\x0e',b'\n',b'\x0b',b'\x0f',b'D',b'\x16',5,23278,b'\x00\x00\x00\x00',b'\xdb{\x00\x00',b'\x00\x00\x00\x00'
b'\xc1\x81\x00\x00',b'\x00\x00\x01\x00',b'\x00\x80\x00\x00',b'\xdfg\x00\x00',85,5265,1,2,1,0,0,0,133,b'\xbe\xff\x01\x00',b'\xff',b'\x00',b'\x01',b'\x03',b'\x02',b'\x10',b'\xff',b'\x12',b'\x13',b'\x14',b'\x15',b'\x0e',b'\n',b'\x0b',b'\x0f',b'D',b'\x16',8,23198,b'\x00\x00\x00\x00',b'\xdb{\x00\x00',b'\x00\x00\x00\x00'
b'\xc1\x81\x00\x00',b'\x00\x00\x01\x00',b'\x00\x80\x00\x00',b'\xdfg\x00\x00',85,5265,1,2,1,0,0,0,133,b'\xbe\xff\x01\x00',b'\xff',b'\x00',b'\x01',b'\x03',b'\x02',b'\x10',b'\xff',b'\x12',b'\x13',b'\x14',b'\x15',b'\x0e',b'\n',b'\x0b',b'\x0f',b'D',b'\x16',6,23246,b'\x00\x00\x00\x00',b'\xdb{\x00\x00',b'\x00\x00\x00\x00'
b'\xc1\x81\x00\x00',b'\x00\x00\x01\x00',b'\x00\x80\x00\x00',b'\xdfg\x00\x00',85,5265,1,2,1,0,0,0,133,b'\xbe\xff\x01\x00',b'\xff',b'\x00',b'\x01',b'\x03',b'\x02',b'\x10',b'\xff',b'\x12',b'\x13',b'\x14',b'\x15',b'\x0e',b'\n',b'\x0b',b'\x0f',b'D',b'\x16',4,23198,b'\x00\x00\x00\x00',b'\xdb{\x00\x00',b'\x00\x00\x00\x00'
b'\xc1\x81\x00\x00',b'\x00\x00\x01\x00',b'\x00\x80\x00\x00',b'\xdfg\x00\x00',85,5265,1,2,1,0,0,0,133,b'\xbe\xff\x01\x00',b'\xff',b'\x00',b'\x01',b'\x03',b'\x02',b'\x10',b'\xff',b'\x12',b'\x13',b'\x14',b'\x15',b'\x0e',b'\n',b'\x0b',b'\x0f',b'D',b'\x16',3,23278,b'\x00\x00\x00\x00',b'\xdb{\x00\x00',b'\x00\x00\x00\x00'
b'\xc1\x81\x00\x00',b'\x00\x00\x01\x00',b'\x00\x80\x00\x00',b'\xdfg\x00\x00',85,5265,1,2,1,0,0,0,133,b'\xbe\xff\x01\x00',b'\xff',b'\x00',b'\x01',b'\x03',b'\x02',b'\x10',b'\xff',b'\x12',b'\x13',b'\x14',b'\x15',b'\x0e',b'\n',b'\x0b',b'\x0f',b'D',b'\x16',5,23278,b'\x00\x00\x00\x00',b'\xdb{\x00\x00',b'\x00\x00\x00\x00'
b'\xc1\x81\x00\x00',b'\x00\x00\x01\x00',b'\x00\x80\x00\x00',b'\xdfg\x00\x00',91,5616,1,2,1,0,0,0,133,b'\xbe\xff\x01\x00',b'\xff',b'\x00',b'\x01',b'\x03',b'\x02',b'\x10',b'\xff',b'\x12',b'\x13',b'\x14',b'\x15',b'\x0e',b'\n',b'\x0b',b'\x0f',b'D',b'\x16',6,23198,b'\x00\x00\x00\x00',b'\xdb{\x00\x00',b'\x00\x00\x00\x00'
b'\xc1\x81\x00\x00',b'\x00\x00\x01\x00',b'\x00\x80\x00\x00',b'\xdfg\x00\x00',91,5616,1,2,1,0,0,0,133,b'\xbe\xff\x01\x00',b'\xff',b'\x00',b'\x01',b'\x03',b'\x02',b'\x10',b'\xff',b'\x12',b'\x13',b'\x14',b'\x15',b'\x0e',b'\n',b'\x0b',b'\x0f',b'D',b'\x16',5,23198,b'\x00\x00\x00\x00',b'\xdb{\x00\x00',b'\x00\x00\x00\x00'
b'\xc1\x81\x00\x00',b'\x00\x00\x01\x00',b'\x00\x80\x00\x00',b'\xdfg\x00\x00',91,5616,1,2,1,0,0,0,133,b'\xbe\xff\x01\x00',b'\xff',b'\x00',b'\x01',b'\x03',b'\x02',b'\x10',b'\xff',b'\x12',b'\x13',b'\x14',b'\x15',b'\x0e',b'\n',b'\x0b',b'\x0f',b'D',b'\x16',7,23278,b'\x00\x00\x00\x00',b'\xdb{\x00\x00',b'\x00\x00\x00\x00'
b'\xc1\x81\x00\x00',b'\x00\x00\x01\x00',b'\x00\x80\x00\x00',b'\xdfg\x00\x00',91,5616,1,2,1,0,0,0,133,b'\xbe\xff\x01\x00',b'\xff',b'\x00',b'\x01',b'\x03',b'\x02',b'\x10',b'\xff',b'\x12',b'\x13',b'\x14',b'\x15',b'\x0e',b'\n',b'\x0b',b'\x0f',b'D',b'\x16',6,23278,b'\x00\x00\x00\x00',b'\xdb{\x00\x00',b'\x00\x00\x00\x00'
b'\xc1\x81\x00\x00',b'\x00\x00\x01\x00',b'\x00\x80\x00\x00',b'\xdfg\x00\x00',90,5616,1,2,1,0,0,0,133,b'\xbe\xff\x01\x00',b'\xff',b'\x00',b'\x01',b'\x03',b'\x02',b'\x10',b'\xff',b'\x12',b'\x13',b'\x14',b'\x15',b'\x0e',b'\n',b'\x0b',b'\x0f',b'D',b'\x16',6,23264,b'\x00\x00\x00\x00',b'\xdb{\x00\x00',b'\x00\x00\x00\x00'
b'\xc1\x81\x00\x00',b'\x00\x00\x01\x00',b'\x00\x80\x00\x00',b'\xdfg\x00\x00',84,5616,1,2,1,0,0,0,133,b'\xbe\xff\x01\x00',b'\xff',b'\x00',b'\x01',b'\x03',b'\x02',b'\x10',b'\xff',b'\x12',b'\x13',b'\x14',b'\x15',b'\x0e',b'\n',b'\x0b',b'\x0f',b'D',b'\x16',11,23198,b'\x00\x00\x00\x00',b'\xdb{\x00\x00',b'\x00\x00\x00\x00'
b'\xc1\x81\x00\x00',b'\x00\x00\x01\x00',b'\x00\x80\x00\x00',b'\xdfg\x00\x00',84,5616,1,2,1,0,0,0,133,b'\xbe\xff\x01\x00',b'\xff',b'\x00',b'\x01',b'\x03',b'\x02',b'\x10',b'\xff',b'\x12',b'\x13',b'\x14',b'\x15',b'\x0e',b'\n',b'\x0b',b'\x0f',b'D',b'\x16',5,23278,b'\x00\x00\x00\x00',b'\xdb{\x00\x00',b'\x00\x00\x00\x00'
b'\xc1\x81\x00\x00',b'\x00\x00\x01\x00',b'\x00\x80\x00\x00',b'\xdfg\x00\x00',84,5616,1,2,1,0,0,0,133,b'\xbe\xff\x01\x00',b'\xff',b'\x00',b'\x01',b'\x03',b'\x02',b'\x10',b'\xff',b'\x12',b'\x13',b'\x14',b'\x15',b'\x0e',b'\n',b'\x0b',b'\x0f',b'D',b'\x16',6,23278,b'\x00\x00\x00\x00',b'\xdb{\x00\x00',b'\x00\x00\x00\x00'
b'\xc1\x81\x00\x00',b'\x00\x00\x01\x00',b'\x00\x80\x00\x00',b'\xdfg\x00\x00',85,5616,1,2,1,0,0,0,133,b'\xbe\xff\x01\x00',b'\xff',b'\x00',b'\x01',b'\x03',b'\x02',b'\x10',b'\xff',b'\x12',b'\x13',b'\x14',b'\x15',b'\x0e',b'\n',b'\x0b',b'\x0f',b'D',b'\x16',8,23278,b'\x00\x00\x00\x00',b'\xdb{\x00\x00',b'\x00\x00\x00\x00'
b'\xc1\x81\x00\x00',b'\x00\x00\x01\x00',b'\x00\x80\x00\x00',b'\xdfg\x00\x00',85,5616,1,2,1,0,0,0,133,b'\xbe\xff\x01\x00',b'\xff',b'\x00',b'\x01',b'\x03',b'\x02',b'\x10',b'\xff',b'\x12',b'\x13',b'\x14',b'\x15',b'\x0e',b'\n',b'\x0b',b'\x0f',b'D',b'\x16',10,23198,b'\x00\x00\x00\x00',b'\xdb{\x00\x00',b'\x00\x00\x00\x00'
b'\xc1\x81\x00\x00',b'\x00\x00\x01\x00',b'\x00\x80\x00\x00',b'\xdfg\x00\x00',91,5616,1,2,1,0,0,0,133,b'\xbe\xff\x01\x00',b'\xff',b'\x00',b'\x01',b'\x03',b'\x02',b'\x10',b'\xff',b'\x12',b'\x13',b'\x14',b'\x15',b'\x0e',b'\n',b'\x0b',b'\x0f',b'D',b'\x16',8,23198,b'\x00\x00\x00\x00',b'\xdb{\x00\x00',b'\x00\x00\x00\x00'
b'\xc1\x81\x00\x00',b'\x00\x00\x01\x00',b'\x00\x80\x00\x00',b'\xdfg\x00\x00',91,5616,1,2,1,0,0,0,133,b'\xbe\xff\x01\x00',b'\xff',b'\x00',b'\x01',b'\x03',b'\x02',b'\x10',b'\xff',b'\x12',b'\x13',b'\x14',b'\x15',b'\x0e',b'\n',b'\x0b',b'\x0f',b'D',b'\x16',7,23246,b'\x00\x00\x00\x00',b'\xdb{\x00\x00',b'\x00\x00\x00\x00'
b'\xc1\x81\x00\x00',b'\x00\x00\x01\x00',b'\x00\x80\x00\x00',b'\xdfg\x00\x00',91,5616,1,2,1,0,0,0,133,b'\xbe\xff\x01\x00',b'\xff',b'\x00',b'\x01',b'\x03',b'\x02',b'\x10',b'\xff',b'\x12',b'\x13',b'\x14',b'\x15',b'\x0e',b'\n',b'\x0b',b'\x0f',b'D',b'\x16',6,23198,b'\x00\x00\x00\x00',b'\xdb{\x00\x00',b'\x00\x00\x00\x00'
b'\xc1\x81\x00\x00',b'\x00\x00\x01\x00',b'\x00\x80\x00\x00',b'\xdfg\x00\x00',91,5616,1,2,1,0,0,0,133,b'\xbe\xff\x01\x00',b'\xff',b'\x00',b'\x01',b'\x03',b'\x02',b'\x10',b'\xff',b'\x12',b'\x13',b'\x14',b'\x15',b'\x0e',b'\n',b'\x0b',b'\x0f',b'D',b'\x16',5,23278,b'\x00\x00\x00\x00',b'\xdb{\x00\x00',b'\x00\x00\x00\x00'
b'\xc1\x81\x00\x00',b'\x00\x00\x01\x00',b'\x00\x80\x00\x00',b'\xdfg\x00\x00',91,5616,1,2,1,0,0,0,133,b'\xbe\xff\x01\x00',b'\xff',b'\x00',b'\x01',b'\x03',b'\x02',b'\x10',b'\xff',b'\x12',b'\x13',b'\x14',b'\x15',b'\x0e',b'\n',b'\x0b',b'\x0f',b'D',b'\x16',7,23198,b'\x00\x00\x00\x00',b'\xdb{\x00\x00',b'\x00\x00\x00\x00'
b'\xc1\x81\x00\x00',b'\x00\x00\x01\x00',b'\x00\x80\x00\x00',b'\xdfg\x00\x00',91,5616,1,2,1,0,0,0,133,b'\xbe\xff\x01\x00',b'\xff',b'\x00',b'\x01',b'\x03',b'\x02',b'\x10',b'\xff',b'\x12',b'\x13',b'\x14',b'\x15',b'\x0e',b'\n',b'\x0b',b'\x0f',b'D',b'\x16',6,23198,b'\x00\x00\x00\x00',b'\xdb{\x00\x00',b'\x00\x00\x00\x00'
b'\xc1\x81\x00\x00',b'\x00\x00\x01\x00',b'\x00\x80\x00\x00',b'\xdfg\x00\x00',91,5616,1,2,1,0,0,0,133,b'\xbe\xff\x01\x00',b'\xff',b'\x00',b'\x01',b'\x03',b'\x02',b'\x10',b'\xff',b'\x12',b'\x13',b'\x14',b'\x15',b'\x0e',b'\n',b'\x0b',b'\x0f',b'D',b'\x16',4,23278,b'\x00\x00\x00\x00',b'\xdb{\x00\x00',b'\x00\x00\x00\x00'
b'\xc1\x81\x00\x00',b'\x00\x00\x01\x00',b'\x00\x80\x00\x00',b'\xdfg\x00\x00',92,5616,1,2,1,0,0,0,133,b'\xbe\xff\x01\x00',b'\xff',b'\x00',b'\x01',b'\x03',b'\x02',b'\x10',b'\xff',b'\x12',b'\x13',b'\x14',b'\x15',b'\x0e',b'\n',b'\x0b',b'\x0f',b'D',b'\x16',10,23198,b'\x00\x00\x00\x00',b'\xdb{\x00\x00',b'\x00\x00\x00\x00'
b'\xc1\x81\x00\x00',b'\x00\x00\x01\x00',b'\x00\x80\x00\x00',b'\xdfg\x00\x00',98,5616,1,2,1,0,0,0,133,b'\xbe\xff\x01\x00',b'\xff',b'\x00',b'\x01',b'\x03',b'\x02',b'\x10',b'\xff',b'\x12',b'\x13',b'\x14',b'\x15',b'\x0e',b'\n',b'\x0b',b'\x0f',b'D',b'\x16',7,23278,b'\x00\x00\x00\x00',b'\xdb{\x00\x00',b'\x00\x00\x00\x00'
b'\xc1\x81\x00\x00',b'\x00\x00\x01\x00',b'\x00\x80\x00\x00',b'\xdfg\x00\x00',98,5616,1,2,1,0,0,0,133,b'\xbe\xff\x01\x00',b'\xff',b'\x00',b'\x01',b'\x03',b'\x02',b'\x10',b'\xff',b'\x12',b'\x13',b'\x14',b'\x15',b'\x0e',b'\n',b'\x0b',b'\x0f',b'D',b'\x16',6,23278,b'\x00\x00\x00\x00',b'\xdb{\x00\x00',b'\x00\x00\x00\x00'
b'\xc1\x81\x00\x00',b'\x00\x00\x01\x00',b'\x00\x80\x00\x00',b'\xdfg\x00\x00',98,5616,1,2,1,0,0,0,133,b'\xbe\xff\x01\x00',b'\xff',b'\x00',b'\x01',b'\x03',b'\x02',b'\x10',b'\xff',b'\x12',b'\x13',b'\x14',b'\x15',b'\x0e',b'\n',b'\x0b',b'\x0f',b'D',b'\x16',6,23198,b'\x00\x00\x00\x00',b'\xdb{\x00\x00',b'\x00\x00\x00\x00'
b'\xc1\x81\x00\x00',b'\x00\x00\x01\x00',b'\x00\x80\x00\x00',b'\xdfg\x00\x00',98,5616,1,2,1,0,0,0,133,b'\xbe\xff\x01\x00',b'\xff',b'\x00',b'\x01',b'\x03',b'\x02',b'\x10',b'\xff',b'\x12',b'\x13',b'\x14',b'\x15',b'\x0e',b'\n',b'\x0b',b'\x0f',b'D',b'\x16',7,23278,b'\x00\x00\x00\x00',b'\xdb{\x00\x00',b'\x00\x00\x00\x00'
b'\xc1\x81\x00\x00',b'\x00\x00\x01\x00',b'\x00\x80\x00\x00',b'\xdfg\x00\x00',98,5616,1,2,1,0,0,0,133,b'\xbe\xff\x01\x00',b'\xff',b'\x00',b'\x01',b'\x03',b'\x02',b'\x10',b'\xff',b'\x12',b'\x13',b'\x14',b'\x15',b'\x0e',b'\n',b'\x0b',b'\x0f',b'D',b'\x16',7,23278,b'\x00\x00\x00\x00',b'\xdb{\x00\x00',b'\x00\x00\x00\x00'
b'\xc1\x81\x00\x00',b'\x00\x00\x01\x00',b'\x00\x80\x00\x00',b'\xdfg\x00\x00',98,5616,1,2,1,0,0,0,133,b'\xbe\xff\x01\x00',b'\xff',b'\x00',b'\x01',b'\x03',b'\x02',b'\x10',b'\xff',b'\x12',b'\x13',b'\x14',b'\x15',b'\x0e',b'\n',b'\x0b',b'\x0f',b'D',b'\x16',8,23278,b'\x00\x00\x00\x00',b'\xdb{\x00\x00',b'\x00\x00\x00\x00'
b'\xc1\x81\x00\x00',b'\x00\x00\x01\x00',b'\x00\x80\x00\x00',b'\xdfg\x00\x00',98,5616,1,2,1,0,0,0,133,b'\xbe\xff\x01\x00',b'\xff',b'\x00',b'\x01',b'\x03',b'\x02',b'\x10',b'\xff',b'\x12',b'\x13',b'\x14',b'\x15',b'\x0e',b'\n',b'\x0b',b'\x0f',b'D',b'\x16',6,23198,b'\x00\x00\x00\x00',b'\xdb{\x00\x00',b'\x00\x00\x00\x00'
b'\xc1\x81\x00\x00',b'\x00\x00\x01\x00',b'\x00\x80\x00\x00',b'\xdfg\x00\x00',98,5616,1,2,1,0,0,0,133,b'\xbe\xff\x01\x00',b'\xff',b'\x00',b'\x01',b'\x03',b'\x02',b'\x10',b'\xff',b'\x12',b'\x13',b'\x14',b'\x15',b'\x0e',b'\n',b'\x0b',b'\x0f',b'D',b'\x16',11,23198,b'\x00\x00\x00\x00',b'\xdb{\x00\x00',b'\x00\x00\x00\x00'
b'\xc1\x81\x00\x00',b'\x00\x00\x01\x00',b'\x00\x80\x00\x00',b'\xdfg\x00\x00',98,5616,1,2,1,0,0,0,133,b'\xbe\xff\x01\x00',b'\xff',b'\x00',b'\x01',b'\x03',b'\x02',b'\x10',b'\xff',b'\x12',b'\x13',b'\x14',b'\x15',b'\x0e',b'\n',b'\x0b',b'\x0f',b'D',b'\x16',9,23278,b'\x00\x00\x00\x00',b'\xdb{\x00\x00',b'\x00\x00\x00\x00'
b'\xc1\x81\x00\x00',b'\x00\x00\x01\x00',b'\x00\x80\x00\x00',b'\xdfg\x00\x00',98,5265,1,2,1,0,0,0,133,b'\xbe\xff\x01\x00',b'\xff',b'\x00',b'\x01',b'\x03',b'\x02',b'\x10',b'\xff',b'\x12',b'\x13',b'\x14',b'\x15',b'\x0e',b'\n',b'\x0b',b'\x0f',b'D',b'\x16',5,23278,b'\x00\x00\x00\x00',b'\xdb{\x00\x00',b'\x00\x00\x00\x00'
b'\xc1\x81\x00\x00',b'\x00\x00\x01\x00',b'\x00\x80\x00\x00',b'\xdfg\x00\x00',91,5265,1,2,1,0,0,0,133,b'\xbe\xff\x01\x00',b'\xff',b'\x00',b'\x01',b'\x03',b'\x02',b'\x10',b'\xff',b'\x12',b'\x13',b'\x14',b'\x15',b'\x0e',b'\n',b'\x0b',b'\x0f',b'D',b'\x16',4,23278,b'\x00\x00\x00\x00',b'\xdb{\x00\x00',b'\x00\x00\x00\x00'
b'\xc1\x81\x00\x00',b'\x00\x00\x01\x00',b'\x00\x80\x00\x00',b'\xdfg\x00\x00',91,5265,1,2,1,0,0,0,133,b'\xbe\xff\x01\x00',b'\xff',b'\x00',b'\x01',b'\x03',b'\x02',b'\x10',b'\xff',b'\x12',b'\x13',b'\x14',b'\x15',b'\x0e',b'\n',b'\x0b',b'\x0f',b'D',b'\x16',5,23278,b'\x00\x00\x00\x00',b'\xdb{\x00\x00',b'\x00\x00\x00\x00'
b'\xc1\x81\x00\x00',b'\x00\x00\x01\x00',b'\x00\x80\x00\x00',b'\xdfg\x00\x00',91,5265,1,2,1,0,0,0,133,b'\xbe\xff\x01\x00',b'\xff',b'\x00',b'\x01',b'\x03',b'\x02',b'\x10',b'\xff',b'\x12',b'\x13',b'\x14',b'\x15',b'\x0e',b'\n',b'\x0b',b'\x0f',b'D',b'\x16',5,23278,b'\x00\x00\x00\x00',b'\xdb{\x00\x00',b'\x00\x00\x00\x00'
b'\xc1\x81\x00\x00',b'\x00\x00\x01\x00',b'\x00\x80\x00\x00',b'\xdfg\x00\x00',91,5265,1,2,1,0,0,0,133,b'\xbe\xff\x01\x00',b'\xff',b'\x00',b'\x01',b'\x03',b'\x02',b'\x10',b'\xff',b'\x12',b'\x13',b'\x14',b'\x15',b'\x0e',b'\n',b'\x0b',b'\x0f',b'D',b'\x16',5,23278,b'\x00\x00\x00\x00',b'\xdb{\x00\x00',b'\x00\x00\x00\x00'
b'\xc1\x81\x00\x00',b'\x00\x00\x01\x00',b'\x00\x80\x00\x00',b'\xdfg\x00\x00',90,5265,1,2,1,0,0,0,133,b'\xbe\xff\x01\x00',b'\xff',b'\x00',b'\x01',b'\x03',b'\x02',b'\x10',b'\xff',b'\x12',b'\x13',b'\x14',b'\x15',b'\x0e',b'\n',b'\x0b',b'\x0f',b'D',b'\x16',5,23198,b'\x00\x00\x00\x00',b'\xdb{\x00\x00',b'\x00\x00\x00\x00'
b'\xc1\x81\x00\x00',b'\x00\x00\x01\x00',b'\x00\x80\x00\x00',b'\xdfg\x00\x00',85,5265,1,2,1,0,0,0,133,b'\xbe\xff\x01\x00',b'\xff',b'\x00',b'\x01',b'\x03',b'\x02',b'\x10',b'\xff',b'\x12',b'\x13',b'\x14',b'\x15',b'\x0e',b'\n',b'\x0b',b'\x0f',b'D',b'\x16',5,23278,b'\x00\x00\x00\x00',b'\xdb{\x00\x00',b'\x00\x00\x00\x00'
b'\xc1\x81\x00\x00',b'\x00\x00\x01\x00',b'\x00\x80\x00\x00',b'\xdfg\x00\x00',85,5265,1,2,1,0,0,0,133,b'\xbe\xff\x01\x00',b'\xff',b'\x00',b'\x01',b'\x03',b'\x02',b'\x10',b'\xff',b'\x12',b'\x13',b'\x14',b'\x15',b'\x0e',b'\n',b'\x0b',b'\x0f',b'D',b'\x16',8,23278,b'\x00\x00\x00\x00',b'\xdb{\x00\x00',b'\x00\x00\x00\x00'
b'\xc1\x81\x00\x00',b'\x00\x00\x01\x00',b'\x00\x80\x00\x00',b'\xdfg\x00\x00',91,5265,1,2,1,0,0,0,133,b'\xbe\xff\x01\x00',b'\xff',b'\x00',b'\x01',b'\x03',b'\x02',b'\x10',b'\xff',b'\x12',b'\x13',b'\x14',b'\x15',b'\x0e',b'\n',b'\x0b',b'\x0f',b'D',b'\x16',5,23278,b'\x00\x00\x00\x00',b'\xdb{\x00\x00',b'\x00\x00\x00\x00'
b'\xc1\x81\x00\x00',b'\x00\x00\x01\x00',b'\x00\x80\x00\x00',b'\xdfg\x00\x00',91,5265,1,2,1,0,0,0,133,b'\xbe\xff\x01\x00',b'\xff',b'\x00',b'\x01',b'\x03',b'\x02',b'\x10',b'\xff',b'\x12',b'\x13',b'\x14',b'\x15',b'\x0e',b'\n',b'\x0b',b'\x0f',b'D',b'\x16',5,23278,b'\x00\x00\x00\x00',b'\xdb{\x00\x00',b'\x00\x00\x00\x00'
b'\xc1\x81\x00\x00',b'\x00\x00\x01\x00',b'\x00\x80\x00\x00',b'\xdfg\x00\x00',90,5265,1,2,1,0,0,0,133,b'\xbe\xff\x01\x00',b'\xff',b'\x00',b'\x01',b'\x03',b'\x02',b'\x10',b'\xff',b'\x12',b'\x13',b'\x14',b'\x15',b'\x0e',b'\n',b'\x0b',b'\x0f',b'D',b'\x16',5,23278,b'\x00\x00\x00\x00',b'\xdb{\x00\x00',b'\x00\x00\x00\x00'
b'\xc1\x81\x00\x00',b'\x00\x00\x01\x00',b'\x00\x80\x00\x00',b'\xdfg\x00\x00',90,5265,1,2,1,0,0,0,133,b'\xbe\xff\x01\x00',b'\xff',b'\x00',b'\x01',b'\x03',b'\x02',b'\x10',b'\xff',b'\x12',b'\x13',b'\x14',b'\x15',b'\x0e',b'\n',b'\x0b',b'\x0f',b'D',b'\x16',5,23198,b'\x00\x00\x00\x00',b'\xdb{\x00\x00',b'\x00\x00\x00\x00'
b'\xc1\x81\x00\x00',b'\x00\x00\x01\x00',b'\x00\x80\x00\x00',b'\xdfg\x00\x00',90,5616,1,2,1,0,0,0,133,b'\xbe\xff\x01\x00',b'\xff',b'\x00',b'\x01',b'\x03',b'\x02',b'\x10',b'\xff',b'\x12',b'\x13',b'\x14',b'\x15',b'\x0e',b'\n',b'\x0b',b'\x0f',b'D',b'\x16',7,23198,b'\x00\x00\x00\x00',b'\xdb{\x00\x00',b'\x00\x00\x00\x00'
b'\xc1\x81\x00\x00',b'\x00\x00\x01\x00',b'\x00\x80\x00\x00',b'\xdfg\x00\x00',97,5616,1,2,1,0,0,0,133,b'\xbe\xff\x01\x00',b'\xff',b'\x00',b'\x01',b'\x03',b'\x02',b'\x10',b'\xff',b'\x12',b'\x13',b'\x14',b'\x15',b'\x0e',b'\n',b'\x0b',b'\x0f',b'D',b'\x16',5,23198,b'\x00\x00\x00\x00',b'\xdb{\x00\x00',b'\x00\x00\x00\x00'
b'\xc1\x81\x00\x00',b'\x00\x00\x01\x00',b'\x00\x80\x00\x00',b'\xdfg\x00\x00',97,5616,1,2,1,0,0,0,133,b'\xbe\xff\x01\x00',b'\xff',b'\x00',b'\x01',b'\x03',b'\x02',b'\x10',b'\xff',b'\x12',b'\x13',b'\x14',b'\x15',b'\x0e',b'\n',b'\x0b',b'\x0f',b'D',b'\x16',6,23278,b'\x00\x00\x00\x00',b'\xdb{\x00\x00',b'\x00\x00\x00\x00'
b'\xc1\x81\x00\x00',b'\x00\x00\x01\x00',b'\x00\x80\x00\x00',b'\xdfg\x00\x00',97,5616,1,2,1,0,0,0,133,b'\xbe\xff\x01\x00',b'\xff',b'\x00',b'\x01',b'\x03',b'\x02',b'\x10',b'\xff',b'\x12',b'\x13',b'\x14',b'\x15',b'\x0e',b'\n',b'\x0b',b'\x0f',b'D',b'\x16',8,23278,b'\x00\x00\x00\x00',b'\xdb{\x00\x00',b'\x00\x00\x00\x00'
b'\xc1\x81\x00\x00',b'\x00\x00\x01\x00',b'\x00\x80\x00\x00',b'\xdfg\x00\x00',97,5616,1,2,1,0,0,0,133,b'\xbe\xff\x01\x00',b'\xff',b'\x00',b'\x01',b'\x03',b'\x02',b'\x10',b'\xff',b'\x12',b'\x13',b'\x14',b'\x15',b'\x0e',b'\n',b'\x0b',b'\x0f',b'D',b'\x16',8,23198,b'\x00\x00\x00\x00',b'\xdb{\x00\x00',b'\x00\x00\x00\x00'
b'\xc1\x81\x00\x00',b'\x00\x00\x01\x00',b'\x00\x80\x00\x00',b'\xdfg\x00\x00',97,5616,1,2,1,0,0,0,133,b'\xbe\xff\x01\x00',b'\xff',b'\x00',b'\x01',b'\x03',b'\x02',b'\x10',b'\xff',b'\x12',b'\x13',b'\x14',b'\x15',b'\x0e',b'\n',b'\x0b',b'\x0f',b'D',b'\x16',7,23198,b'\x00\x00\x00\x00',b'\xdb{\x00\x00',b'\x00\x00\x00\x00'
b'\xc1\x81\x00\x00',b'\x00\x00\x01\x00',b'\x00\x80\x00\x00',b'\xdfg\x00\x00',96,5616,1,2,1,0,0,0,133,b'\xbe\xff\x01\x00',b'\xff',b'\x00',b'\x01',b'\x03',b'\x02',b'\x10',b'\xff',b'\x12',b'\x13',b'\x14',b'\x15',b'\x0e',b'\n',b'\x0b',b'\x0f',b'D',b'\x16',6,23278,b'\x00\x00\x00\x00',b'\xdb{\x00\x00',b'\x00\x00\x00\x00'
b'\xc1\x81\x00\x00',b'\x00\x00\x01\x00',b'\x00\x80\x00\x00',b'\xdfg\x00\x00',96,5616,1,2,1,0,0,0,133,b'\xbe\xff\x01\x00',b'\xff',b'\x00',b'\x01',b'\x03',b'\x02',b'\x10',b'\xff',b'\x12',b'\x13',b'\x14',b'\x15',b'\x0e',b'\n',b'\x0b',b'\x0f',b'D',b'\x16',5,23278,b'\x00\x00\x00\x00',b'\xdb{\x00\x00',b'\x00\x00\x00\x00'
b'\xc1\x81\x00\x00',b'\x00\x00\x01\x00',b'\x00\x80\x00\x00',b'\xdfg\x00\x00',96,5616,1,2,1,0,0,0,133,b'\xbe\xff\x01\x00',b'\xff',b'\x00',b'\x01',b'\x03',b'\x02',b'\x10',b'\xff',b'\x12',b'\x13',b'\x14',b'\x15',b'\x0e',b'\n',b'\x0b',b'\x0f',b'D',b'\x16',6,23198,b'\x00\x00\x00\x00',b'\xdb{\x00\x00',b'\x00\x00\x00\x00'
b'\xc1\x81\x00\x00',b'\x00\x00\x01\x00',b'\x00\x80\x00\x00',b'\xdfg\x00\x00',89,5265,1,2,1,0,0,0,133,b'\xbe\xff\x01\x00',b'\xff',b'\x00',b'\x01',b'\x03',b'\x02',b'\x10',b'\xff',b'\x12',b'\x13',b'\x14',b'\x15',b'\x0e',b'\n',b'\x0b',b'\x0f',b'D',b'\x16',5,23278,b'\x00\x00\x00\x00',b'\xdb{\x00\x00',b'\x00\x00\x00\x00'
b'\xc1\x81\x00\x00',b'\x00\x00\x01\x00',b'\x00\x80\x00\x00',b'\xdfg\x00\x00',83,5265,1,2,1,0,0,0,133,b'\xbe\xff\x01\x00',b'\xff',b'\x00',b'\x01',b'\x03',b'\x02',b'\x10',b'\xff',b'\x12',b'\x13',b'\x14',b'\x15',b'\x0e',b'\n',b'\x0b',b'\x0f',b'D',b'\x16',4,23278,b'\x00\x00\x00\x00',b'\xdb{\x00\x00',b'\x00\x00\x00\x00'
b'\xc1\x81\x00\x00',b'\x00\x00\x01\x00',b'\x00\x80\x00\x00',b'\xdfg\x00\x00',83,5265,1,2,1,0,0,0,133,b'\xbe\xff\x01\x00',b'\xff',b'\x00',b'\x01',b'\x03',b'\x02',b'\x10',b'\xff',b'\x12',b'\x13',b'\x14',b'\x15',b'\x0e',b'\n',b'\x0b',b'\x0f',b'D',b'\x16',5,23278,b'\x00\x00\x00\x00',b'\xdb{\x00\x00',b'\x00\x00\x00\x00'
b'\xc1\x81\x00\x00',b'\x00\x00\x01\x00',b'\x00\x80\x00\x00',b'\xdfg\x00\x00',83,5265,1,2,1,0,0,0,133,b'\xbe\xff\x01\x00',b'\xff',b'\x00',b'\x01',b'\x03',b'\x02',b'\x10',b'\xff',b'\x12',b'\x13',b'\x14',b'\x15',b'\x0e',b'\n',b'\x0b',b'\x0f',b'D',b'\x16',6,23278,b'\x00\x00\x00\x00',b'\xdb{\x00\x00',b'\x00\x00\x00\x00'
b'\xc1\x81\x00\x00',b'\x00\x00\x01\x00',b'\x00\x80\x00\x00',b'\xdfg\x00\x00',77,5265,1,2,1,0,0,0,133,b'\xbe\xff\x01\x00',b'\xff',b'\x00',b'\x01',b'\x03',b'\x02',b'\x10',b'\xff',b'\x12',b'\x13',b'\x14',b'\x15',b'\x0e',b'\n',b'\x0b',b'\x0f',b'D',b'\x16',5,23198,b'\x00\x00\x00\x00',b'\xdb{\x00\x00',b'\x00\x00\x00\x00'
b'\xc1\x81\x00\x00',b'\x00\x00\x01\x00',b'\x00\x80\x00\x00',b'\xdfg\x00\x00',77,5265,1,2,1,0,0,0,133,b'\xbe\xff\x01\x00',b'\xff',b'\x00',b'\x01',b'\x03',b'\x02',b'\x10',b'\xff',b'\x12',b'\x13',b'\x14',b'\x15',b'\x0e',b'\n',b'\x0b',b'\x0f',b'D',b'\x16',6,23182,b'\x00\x00\x00\x00',b'\xdb{\x00\x00',b'\x00\x00\x00\x00'
b'\xc1\x81\x00\x00',b'\x00\x00\x01\x00',b'\x00\x80\x00\x00',b'\xdfg\x00\x00',72,5265,1,2,1,0,0,0,133,b'\xbe\xff\x01\x00',b'\xff',b'\x00',b'\x01',b'\x03',b'\x02',b'\x10',b'\xff',b'\x12',b'\x13',b'\x14',b'\x15',b'\x0e',b'\n',b'\x0b',b'\x0f',b'D',b'\x16',6,23278,b'\x00\x00\x00\x00',b'\xdb{\x00\x00',b'\x00\x00\x00\x00'
b'\xc1\x81\x00\x00',b'\x00\x00\x01\x00',b'\x00\x80\x00\x00',b'\xdfg\x00\x00',71,5616,1,2,1,0,0,0,133,b'\xbe\xff\x01\x00',b'\xff',b'\x00',b'\x01',b'\x03',b'\x02',b'\x10',b'\xff',b'\x12',b'\x13',b'\x14',b'\x15',b'\x0e',b'\n',b'\x0b',b'\x0f',b'D',b'\x16',3,23278,b'\x00\x00\x00\x00',b'\xdb{\x00\x00',b'\x00\x00\x00\x00'
b'\xc1\x81\x00\x00',b'\x00\x00\x01\x00',b'\x00\x80\x00\x00',b'\xdfg\x00\x00',58,5616,1,2,1,0,0,0,133,b'\xbe\xff\x01\x00',b'\xff',b'\x00',b'\x01',b'\x03',b'\x02',b'\x10',b'\xff',b'\x12',b'\x13',b'\x14',b'\x15',b'\x0e',b'\n',b'\x0b',b'\x0f',b'D',b'\x16',2,23278,b'\x00\x00\x00\x00',b'\xdb{\x00\x00',b'\x00\x00\x00\x00'
b'\xc1\x81\x00\x00',b'\x00\x00\x01\x00',b'\x00\x80\x00\x00',b'\xdfg\x00\x00',50,5967,1,2,1,0,0,0,133,b'\xbe\xff\x01\x00',b'\xff',b'\x00',b'\x01',b'\x03',b'\x02',b'\x10',b'\xff',b'\x12',b'\x13',b'\x14',b'\x15',b'\x0e',b'\n',b'\x0b',b'\x0f',b'D',b'\x16',7,23278,b'\x00\x00\x00\x00',b'\xdb{\x00\x00',b'\x00\x00\x00\x00'
b'\xc1\x81\x00\x00',b'\x00\x00\x01\x00',b'\x00\x80\x00\x00',b'\xdfg\x00\x00',76,5616,1,2,1,0,0,0,133,b'\xbe\xff\x01\x00',b'\xff',b'\x00',b'\x01',b'\x03',b'\x02',b'\x10',b'\xff',b'\x12',b'\x13',b'\x14',b'\x15',b'\x0e',b'\n',b'\x0b',b'\x0f',b'D',b'\x16',6,23198,b'\x00\x00\x00\x00',b'\xdb{\x00\x00',b'\x00\x00\x00\x00'
b'\xc1\x81\x00\x00',b'\x00\x00\x01\x00',b'\x00\x80\x00\x00',b'\xdfg\x00\x00',76,5616,1,2,1,0,0,0,133,b'\xbe\xff\x01\x00',b'\xff',b'\x00',b'\x01',b'\x03',b'\x02',b'\x10',b'\xff',b'\x12',b'\x13',b'\x14',b'\x15',b'\x0e',b'\n',b'\x0b',b'\x0f',b'D',b'\x16',6,23246,b'\x00\x00\x00\x00',b'\xdb{\x00\x00',b'\x00\x00\x00\x00'
b'\xc1\x81\x00\x00',b'\x00\x00\x01\x00',b'\x00\x80\x00\x00',b'\xdfg\x00\x00',76,5616,1,2,1,0,0,0,133,b'\xbe\xff\x01\x00',b'\xff',b'\x00',b'\x01',b'\x03',b'\x02',b'\x10',b'\xff',b'\x12',b'\x13',b'\x14',b'\x15',b'\x0e',b'\n',b'\x0b',b'\x0f',b'D',b'\x16',6,23278,b'\x00\x00\x00\x00',b'\xdb{\x00\x00',b'\x00\x00\x00\x00'
b'\xc1\x81\x00\x00',b'\x00\x00\x01\x00',b'\x00\x80\x00\x00',b'\xdfg\x00\x00',77,5616,1,2,1,0,0,0,133,b'\xbe\xff\x01\x00',b'\xff',b'\x00',b'\x01',b'\x03',b'\x02',b'\x10',b'\xff',b'\x12',b'\x13',b'\x14',b'\x15',b'\x0e',b'\n',b'\x0b',b'\x0f',b'D',b'\x16',5,23278,b'\x00\x00\x00\x00',b'\xdb{\x00\x00',b'\x00\x00\x00\x00'
b'\xc1\x81\x00\x00',b'\x00\x00\x01\x00',b'\x00\x80\x00\x00',b'\xdfg\x00\x00',82,5616,1,2,1,0,0,0,133,b'\xbe\xff\x01\x00',b'\xff',b'\x00',b'\x01',b'\x03',b'\x02',b'\x10',b'\xff',b'\x12',b'\x13',b'\x14',b'\x15',b'\x0e',b'\n',b'\x0b',b'\x0f',b'D',b'\x16',6,23278,b'\x00\x00\x00\x00',b'\xdb{\x00\x00',b'\x00\x00\x00\x00'
b'\xc1\x81\x00\x00',b'\x00\x00\x01\x00',b'\x00\x80\x00\x00',b'\xdfg\x00\x00',81,5265,1,2,1,0,0,0,133,b'\xbe\xff\x01\x00',b'\xff',b'\x00',b'\x01',b'\x03',b'\x02',b'\x10',b'\xff',b'\x12',b'\x13',b'\x14',b'\x15',b'\x0e',b'\n',b'\x0b',b'\x0f',b'D',b'\x16',5,23278,b'\x00\x00\x00\x00',b'\xdb{\x00\x00',b'\x00\x00\x00\x00'
b'\xc1\x81\x00\x00',b'\x00\x00\x01\x00',b'\x00\x80\x00\x00',b'\xdfg\x00\x00',81,5265,1,2,1,0,0,0,133,b'\xbe\xff\x01\x00',b'\xff',b'\x00',b'\x01',b'\x03',b'\x02',b'\x10',b'\xff',b'\x12',b'\x13',b'\x14',b'\x15',b'\x0e',b'\n',b'\x0b',b'\x0f',b'D',b'\x16',4,23198,b'\x00\x00\x00\x00',b'\xdb{\x00\x00',b'\x00\x00\x00\x00'
b'\xc1\x81\x00\x00',b'\x00\x00\x01\x00',b'\x00\x80\x00\x00',b'\xdfg\x00\x00',76,5265,1,2,1,0,0,0,133,b'\xbe\xff\x01\x00',b'\xff',b'\x00',b'\x01',b'\x03',b'\x02',b'\x10',b'\xff',b'\x12',b'\x13',b'\x14',b'\x15',b'\x0e',b'\n',b'\x0b',b'\x0f',b'D',b'\x16',3,23278,b'\x00\x00\x00\x00',b'\xdb{\x00\x00',b'\x00\x00\x00\x00'
b'\xc1\x81\x00\x00',b'\x00\x00\x01\x00',b'\x00\x80\x00\x00',b'\xdfg\x00\x00',76,5265,1,2,1,0,0,0,133,b'\xbe\xff\x01\x00',b'\xff',b'\x00',b'\x01',b'\x03',b'\x02',b'\x10',b'\xff',b'\x12',b'\x13',b'\x14',b'\x15',b'\x0e',b'\n',b'\x0b',b'\x0f',b'D',b'\x16',5,23278,b'\x00\x00\x00\x00',b'\xdb{\x00\x00',b'\x00\x00\x00\x00'
b'\xc1\x81\x00\x00',b'\x00\x00\x01\x00',b'\x00\x80\x00\x00',b'\xdfg\x00\x00',81,5616,1,2,1,0,0,0,133,b'\xbe\xff\x01\x00',b'\xff',b'\x00',b'\x01',b'\x03',b'\x02',b'\x10',b'\xff',b'\x12',b'\x13',b'\x14',b'\x15',b'\x0e',b'\n',b'\x0b',b'\x0f',b'D',b'\x16',5,23278,b'\x00\x00\x00\x00',b'\xdb{\x00\x00',b'\x00\x00\x00\x00'
b'\xc1\x81\x00\x00',b'\x00\x00\x01\x00',b'\x00\x80\x00\x00',b'\xdfg\x00\x00',87,5616,1,2,1,0,0,0,133,b'\xbe\xff\x01\x00',b'\xff',b'\x00',b'\x01',b'\x03',b'\x02',b'\x10',b'\xff',b'\x12',b'\x13',b'\x14',b'\x15',b'\x0e',b'\n',b'\x0b',b'\x0f',b'D',b'\x16',7,23198,b'\x00\x00\x00\x00',b'\xdb{\x00\x00',b'\x00\x00\x00\x00'
b'\xc1\x81\x00\x00',b'\x00\x00\x01\x00',b'\x00\x80\x00\x00',b'\xdfg\x00\x00',87,5616,1,2,1,0,0,0,133,b'\xbe\xff\x01\x00',b'\xff',b'\x00',b'\x01',b'\x03',b'\x02',b'\x10',b'\xff',b'\x12',b'\x13',b'\x14',b'\x15',b'\x0e',b'\n',b'\x0b',b'\x0f',b'D',b'\x16',6,23278,b'\x00\x00\x00\x00',b'\xdb{\x00\x00',b'\x00\x00\x00\x00'
b'\xc1\x81\x00\x00',b'\x00\x00\x01\x00',b'\x00\x80\x00\x00',b'\xdfg\x00\x00',93,5616,1,2,1,0,0,0,133,b'\xbe\xff\x01\x00',b'\xff',b'\x00',b'\x01',b'\x03',b'\x02',b'\x10',b'\xff',b'\x12',b'\x13',b'\x14',b'\x15',b'\x0e',b'\n',b'\x0b',b'\x0f',b'D',b'\x16',4,23278,b'\x00\x00\x00\x00',b'\xdb{\x00\x00',b'\x00\x00\x00\x00'
b'\xc1\x81\x00\x00',b'\x00\x00\x01\x00',b'\x00\x80\x00\x00',b'\xdfg\x00\x00',93,5616,1,2,1,0,0,0,133,b'\xbe\xff\x01\x00',b'\xff',b'\x00',b'\x01',b'\x03',b'\x02',b'\x10',b'\xff',b'\x12',b'\x13',b'\x14',b'\x15',b'\x0e',b'\n',b'\x0b',b'\x0f',b'D',b'\x16',6,23198,b'\x00\x00\x00\x00',b'\xdb{\x00\x00',b'\x00\x00\x00\x00'
b'\xc1\x81\x00\x00',b'\x00\x00\x01\x00',b'\x00\x80\x00\x00',b'\xdfg\x00\x00',93,5616,1,2,1,0,0,0,133,b'\xbe\xff\x01\x00',b'\xff',b'\x00',b'\x01',b'\x03',b'\x02',b'\x10',b'\xff',b'\x12',b'\x13',b'\x14',b'\x15',b'\x0e',b'\n',b'\x0b',b'\x0f',b'D',b'\x16',8,23278,b'\x00\x00\x00\x00',b'\xdb{\x00\x00',b'\x00\x00\x00\x00'
b'\xc1\x81\x00\x00',b'\x00\x00\x01\x00',b'\x00\x80\x00\x00',b'\xdfg\x00\x00',93,5616,1,2,1,0,0,0,133,b'\xbe\xff\x01\x00',b'\xff',b'\x00',b'\x01',b'\x03',b'\x02',b'\x10',b'\xff',b'\x12',b'\x13',b'\x14',b'\x15',b'\x0e',b'\n',b'\x0b',b'\x0f',b'D',b'\x16',9,23198,b'\x00\x00\x00\x00',b'\xdb{\x00\x00',b'\x00\x00\x00\x00'
b'\xc1\x81\x00\x00',b'\x00\x00\x01\x00',b'\x00\x80\x00\x00',b'\xdfg\x00\x00',93,5616,1,2,1,0,0,0,133,b'\xbe\xff\x01\x00',b'\xff',b'\x00',b'\x01',b'\x03',b'\x02',b'\x10',b'\xff',b'\x12',b'\x13',b'\x14',b'\x15',b'\x0e',b'\n',b'\x0b',b'\x0f',b'D',b'\x16',7,23198,b'\x00\x00\x00\x00',b'\xdb{\x00\x00',b'\x00\x00\x00\x00'
b'\xc1\x81\x00\x00',b'\x00\x00\x01\x00',b'\x00\x80\x00\x00',b'\xdfg\x00\x00',87,5616,1,2,1,0,0,0,133,b'\xbe\xff\x01\x00',b'\xff',b'\x00',b'\x01',b'\x03',b'\x02',b'\x10',b'\xff',b'\x12',b'\x13',b'\x14',b'\x15',b'\x0e',b'\n',b'\x0b',b'\x0f',b'D',b'\x16',6,23198,b'\x00\x00\x00\x00',b'\xdb{\x00\x00',b'\x00\x00\x00\x00'
b'\xc1\x81\x00\x00',b'\x00\x00\x01\x00',b'\x00\x80\x00\x00',b'\xdfg\x00\x00',87,5616,1,2,1,0,0,0,133,b'\xbe\xff\x01\x00',b'\xff',b'\x00',b'\x01',b'\x03',b'\x02',b'\x10',b'\xff',b'\x12',b'\x13',b'\x14',b'\x15',b'\x0e',b'\n',b'\x0b',b'\x0f',b'D',b'\x16',6,23278,b'\x00\x00\x00\x00',b'\xdb{\x00\x00',b'\x00\x00\x00\x00'
b'\xc1\x81\x00\x00',b'\x00\x00\x01\x00',b'\x00\x80\x00\x00',b'\xdfg\x00\x00',87,5616,1,2,1,0,0,0,133,b'\xbe\xff\x01\x00',b'\xff',b'\x00',b'\x01',b'\x03',b'\x02',b'\x10',b'\xff',b'\x12',b'\x13',b'\x14',b'\x15',b'\x0e',b'\n',b'\x0b',b'\x0f',b'D',b'\x16',7,23198,b'\x00\x00\x00\x00',b'\xdb{\x00\x00',b'\x00\x00\x00\x00'
b'\xc1\x81\x00\x00',b'\x00\x00\x01\x00',b'\x00\x80\x00\x00',b'\xdfg\x00\x00',87,5616,1,2,1,0,0,0,133,b'\xbe\xff\x01\x00',b'\xff',b'\x00',b'\x01',b'\x03',b'\x02',b'\x10',b'\xff',b'\x12',b'\x13',b'\x14',b'\x15',b'\x0e',b'\n',b'\x0b',b'\x0f',b'D',b'\x16',5,23278,b'\x00\x00\x00\x00',b'\xdb{\x00\x00',b'\x00\x00\x00\x00'
b'\xc1\x81\x00\x00',b'\x00\x00\x01\x00',b'\x00\x80\x00\x00',b'\xdfg\x00\x00',87,5616,1,2,1,0,0,0,133,b'\xbe\xff\x01\x00',b'\xff',b'\x00',b'\x01',b'\x03',b'\x02',b'\x10',b'\xff',b'\x12',b'\x13',b'\x14',b'\x15',b'\x0e',b'\n',b'\x0b',b'\x0f',b'D',b'\x16',5,23278,b'\x00\x00\x00\x00',b'\xdb{\x00\x00',b'\x00\x00\x00\x00'
b'\xc1\x81\x00\x00',b'\x00\x00\x01\x00',b'\x00\x80\x00\x00',b'\xdfg\x00\x00',87,5265,1,2,1,0,0,0,133,b'\xbe\xff\x01\x00',b'\xff',b'\x00',b'\x01',b'\x03',b'\x02',b'\x10',b'\xff',b'\x12',b'\x13',b'\x14',b'\x15',b'\x0e',b'\n',b'\x0b',b'\x0f',b'D',b'\x16',4,23198,b'\x00\x00\x00\x00',b'\xdb{\x00\x00',b'\x00\x00\x00\x00'
b'\xc1\x81\x00\x00',b'\x00\x00\x01\x00',b'\x00\x80\x00\x00',b'\xdfg\x00\x00',87,5265,1,2,1,0,0,0,133,b'\xbe\xff\x01\x00',b'\xff',b'\x00',b'\x01',b'\x03',b'\x02',b'\x10',b'\xff',b'\x12',b'\x13',b'\x14',b'\x15',b'\x0e',b'\n',b'\x0b',b'\x0f',b'D',b'\x16',4,23198,b'\x00\x00\x00\x00',b'\xdb{\x00\x00',b'\x00\x00\x00\x00'
b'\xc1\x81\x00\x00',b'\x00\x00\x01\x00',b'\x00\x80\x00\x00',b'\xdfg\x00\x00',86,5265,1,2,1,0,0,0,133,b'\xbe\xff\x01\x00',b'\xff',b'\x00',b'\x01',b'\x03',b'\x02',b'\x10',b'\xff',b'\x12',b'\x13',b'\x14',b'\x15',b'\x0e',b'\n',b'\x0b',b'\x0f',b'D',b'\x16',3,23278,b'\x00\x00\x00\x00',b'\xdb{\x00\x00',b'\x00\x00\x00\x00'
b'\xc1\x81\x00\x00',b'\x00\x00\x01\x00',b'\x00\x80\x00\x00',b'\xdfg\x00\x00',81,5265,1,2,1,0,0,0,133,b'\xbe\xff\x01\x00',b'\xff',b'\x00',b'\x01',b'\x03',b'\x02',b'\x10',b'\xff',b'\x12',b'\x13',b'\x14',b'\x15',b'\x0e',b'\n',b'\x0b',b'\x0f',b'D',b'\x16',4,23278,b'\x00\x00\x00\x00',b'\xdb{\x00\x00',b'\x00\x00\x00\x00'
b'\xc1\x81\x00\x00',b'\x00\x00\x01\x00',b'\x00\x80\x00\x00',b'\xdfg\x00\x00',81,5265,1,2,1,0,0,0,133,b'\xbe\xff\x01\x00',b'\xff',b'\x00',b'\x01',b'\x03',b'\x02',b'\x10',b'\xff',b'\x12',b'\x13',b'\x14',b'\x15',b'\x0e',b'\n',b'\x0b',b'\x0f',b'D',b'\x16',6,23278,b'\x00\x00\x00\x00',b'\xdb{\x00\x00',b'\x00\x00\x00\x00'
b'\xc1\x81\x00\x00',b'\x00\x00\x01\x00',b'\x00\x80\x00\x00',b'\xdfg\x00\x00',81,5265,1,2,1,0,0,0,133,b'\xbe\xff\x01\x00',b'\xff',b'\x00',b'\x01',b'\x03',b'\x02',b'\x10',b'\xff',b'\x12',b'\x13',b'\x14',b'\x15',b'\x0e',b'\n',b'\x0b',b'\x0f',b'D',b'\x16',4,23278,b'\x00\x00\x00\x00',b'\xdb{\x00\x00',b'\x00\x00\x00\x00'
b'\xc1\x81\x00\x00',b'\x00\x00\x01\x00',b'\x00\x80\x00\x00',b'\xdfg\x00\x00',87,5265,1,2,1,0,0,0,133,b'\xbe\xff\x01\x00',b'\xff',b'\x00',b'\x01',b'\x03',b'\x02',b'\x10',b'\xff',b'\x12',b'\x13',b'\x14',b'\x15',b'\x0e',b'\n',b'\x0b',b'\x0f',b'D',b'\x16',4,23278,b'\x00\x00\x00\x00',b'\xdb{\x00\x00',b'\x00\x00\x00\x00'
b'\xc1\x81\x00\x00',b'\x00\x00\x01\x00',b'\x00\x80\x00\x00',b'\xdfg\x00\x00',93,5616,1,2,1,0,0,0,133,b'\xbe\xff\x01\x00',b'\xff',b'\x00',b'\x01',b'\x03',b'\x02',b'\x10',b'\xff',b'\x12',b'\x13',b'\x14',b'\x15',b'\x0e',b'\n',b'\x0b',b'\x0f',b'D',b'\x16',7,23198,b'\x00\x00\x00\x00',b'\xdb{\x00\x00',b'\x00\x00\x00\x00'
b'\xc1\x81\x00\x00',b'\x00\x00\x01\x00',b'\x00\x80\x00\x00',b'\xdfg\x00\x00',93,5265,1,2,1,0,0,0,133,b'\xbe\xff\x01\x00',b'\xff',b'\x00',b'\x01',b'\x03',b'\x02',b'\x10',b'\xff',b'\x12',b'\x13',b'\x14',b'\x15',b'\x0e',b'\n',b'\x0b',b'\x0f',b'D',b'\x16',4,23198,b'\x00\x00\x00\x00',b'\xdb{\x00\x00',b'\x00\x00\x00\x00'
b'\xc1\x81\x00\x00',b'\x00\x00\x01\x00',b'\x00\x80\x00\x00',b'\xdfg\x00\x00',80,5265,1,2,1,0,0,0,133,b'\xbe\xff\x01\x00',b'\xff',b'\x00',b'\x01',b'\x03',b'\x02',b'\x10',b'\xff',b'\x12',b'\x13',b'\x14',b'\x15',b'\x0e',b'\n',b'\x0b',b'\x0f',b'D',b'\x16',3,23278,b'\x00\x00\x00\x00',b'\xdb{\x00\x00',b'\x00\x00\x00\x00'
b'\xc1\x81\x00\x00',b'\x00\x00\x01\x00',b'\x00\x80\x00\x00',b'\xdfg\x00\x00',86,5616,1,2,1,0,0,0,133,b'\xbe\xff\x01\x00',b'\xff',b'\x00',b'\x01',b'\x03',b'\x02',b'\x10',b'\xff',b'\x12',b'\x13',b'\x14',b'\x15',b'\x0e',b'\n',b'\x0b',b'\x0f',b'D',b'\x16',7,23278,b'\x00\x00\x00\x00',b'\xdb{\x00\x00',b'\x00\x00\x00\x00'
b'\xc1\x81\x00\x00',b'\x00\x00\x01\x00',b'\x00\x80\x00\x00',b'\xdfg\x00\x00',92,5616,1,2,1,0,0,0,133,b'\xbe\xff\x01\x00',b'\xff',b'\x00',b'\x01',b'\x03',b'\x02',b'\x10',b'\xff',b'\x12',b'\x13',b'\x14',b'\x15',b'\x0e',b'\n',b'\x0b',b'\x0f',b'D',b'\x16',7,23198,b'\x00\x00\x00\x00',b'\xdb{\x00\x00',b'\x00\x00\x00\x00'
b'\xc1\x81\x00\x00',b'\x00\x00\x01\x00',b'\x00\x80\x00\x00',b'\xdfg\x00\x00',99,5616,1,2,1,0,0,0,133,b'\xbe\xff\x01\x00',b'\xff',b'\x00',b'\x01',b'\x03',b'\x02',b'\x10',b'\xff',b'\x12',b'\x13',b'\x14',b'\x15',b'\x0e',b'\n',b'\x0b',b'\x0f',b'D',b'\x16',6,23278,b'\x00\x00\x00\x00',b'\xdb{\x00\x00',b'\x00\x00\x00\x00'
b'\xc1\x81\x00\x00',b'\x00\x00\x01\x00',b'\x00\x80\x00\x00',b'\xdfg\x00\x00',99,5616,1,2,1,0,0,0,133,b'\xbe\xff\x01\x00',b'\xff',b'\x00',b'\x01',b'\x03',b'\x02',b'\x10',b'\xff',b'\x12',b'\x13',b'\x14',b'\x15',b'\x0e',b'\n',b'\x0b',b'\x0f',b'D',b'\x16',8,23278,b'\x00\x00\x00\x00',b'\xdb{\x00\x00',b'\x00\x00\x00\x00'
b'\xc1\x81\x00\x00',b'\x00\x00\x01\x00',b'\x00\x80\x00\x00',b'\xdfg\x00\x00',99,5616,1,2,1,0,0,0,133,b'\xbe\xff\x01\x00',b'\xff',b'\x00',b'\x01',b'\x03',b'\x02',b'\x10',b'\xff',b'\x12',b'\x13',b'\x14',b'\x15',b'\x0e',b'\n',b'\x0b',b'\x0f',b'D',b'\x16',8,23278,b'\x00\x00\x00\x00',b'\xdb{\x00\x00',b'\x00\x00\x00\x00'
b'\xc1\x81\x00\x00',b'\x00\x00\x01\x00',b'\x00\x80\x00\x00',b'\xdfg\x00\x00',99,5616,1,2,1,0,0,0,133,b'\xbe\xff\x01\x00',b'\xff',b'\x00',b'\x01',b'\x03',b'\x02',b'\x10',b'\xff',b'\x12',b'\x13',b'\x14',b'\x15',b'\x0e',b'\n',b'\x0b',b'\x0f',b'D',b'\x16',10,23198,b'\x00\x00\x00\x00',b'\xdb{\x00\x00',b'\x00\x00\x00\x00'
b'\xc1\x81\x00\x00',b'\x00\x00\x01\x00',b'\x00\x80\x00\x00',b'\xdfg\x00\x00',99,5616,1,2,1,0,0,0,133,b'\xbe\xff\x01\x00',b'\xff',b'\x00',b'\x01',b'\x03',b'\x02',b'\x10',b'\xff',b'\x12',b'\x13',b'\x14',b'\x15',b'\x0e',b'\n',b'\x0b',b'\x0f',b'D',b'\x16',5,23278,b'\x00\x00\x00\x00',b'\xdb{\x00\x00',b'\x00\x00\x00\x00'
b'\xc1\x81\x00\x00',b'\x00\x00\x01\x00',b'\x00\x80\x00\x00',b'\xdfg\x00\x00',92,5616,1,2,1,0,0,0,133,b'\xbe\xff\x01\x00',b'\xff',b'\x00',b'\x01',b'\x03',b'\x02',b'\x10',b'\xff',b'\x12',b'\x13',b'\x14',b'\x15',b'\x0e',b'\n',b'\x0b',b'\x0f',b'D',b'\x16',7,23278,b'\x00\x00\x00\x00',b'\xdb{\x00\x00',b'\x00\x00\x00\x00'
b'\xc1\x81\x00\x00',b'\x00\x00\x01\x00',b'\x00\x80\x00\x00',b'\xdfg\x00\x00',92,5616,1,2,1,0,0,0,133,b'\xbe\xff\x01\x00',b'\xff',b'\x00',b'\x01',b'\x03',b'\x02',b'\x10',b'\xff',b'\x12',b'\x13',b'\x14',b'\x15',b'\x0e',b'\n',b'\x0b',b'\x0f',b'D',b'\x16',8,23278,b'\x00\x00\x00\x00',b'\xdb{\x00\x00',b'\x00\x00\x00\x00'
b'\xc1\x81\x00\x00',b'\x00\x00\x01\x00',b'\x00\x80\x00\x00',b'\xdfg\x00\x00',92,5265,1,2,1,0,0,0,133,b'\xbe\xff\x01\x00',b'\xff',b'\x00',b'\x01',b'\x03',b'\x02',b'\x10',b'\xff',b'\x12',b'\x13',b'\x14',b'\x15',b'\x0e',b'\n',b'\x0b',b'\x0f',b'D',b'\x16',5,23278,b'\x00\x00\x00\x00',b'\xdb{\x00\x00',b'\x00\x00\x00\x00'
b'\xc1\x81\x00\x00',b'\x00\x00\x01\x00',b'\x00\x80\x00\x00',b'\xdfg\x00\x00',80,5265,1,2,1,0,0,0,133,b'\xbe\xff\x01\x00',b'\xff',b'\x00',b'\x01',b'\x03',b'\x02',b'\x10',b'\xff',b'\x12',b'\x13',b'\x14',b'\x15',b'\x0e',b'\n',b'\x0b',b'\x0f',b'D',b'\x16',4,23198,b'\x00\x00\x00\x00',b'\xdb{\x00\x00',b'\x00\x00\x00\x00'
b'\xc1\x81\x00\x00',b'\x00\x00\x01\x00',b'\x00\x80\x00\x00',b'\xdfg\x00\x00',79,5265,1,2,1,0,0,0,133,b'\xbe\xff\x01\x00',b'\xff',b'\x00',b'\x01',b'\x03',b'\x02',b'\x10',b'\xff',b'\x12',b'\x13',b'\x14',b'\x15',b'\x0e',b'\n',b'\x0b',b'\x0f',b'D',b'\x16',5,23278,b'\x00\x00\x00\x00',b'\xdb{\x00\x00',b'\x00\x00\x00\x00'
b'\xc1\x81\x00\x00',b'\x00\x00\x01\x00',b'\x00\x80\x00\x00',b'\xdfg\x00\x00',74,5265,1,2,1,0,0,0,133,b'\xbe\xff\x01\x00',b'\xff',b'\x00',b'\x01',b'\x03',b'\x02',b'\x10',b'\xff',b'\x12',b'\x13',b'\x14',b'\x15',b'\x0e',b'\n',b'\x0b',b'\x0f',b'D',b'\x16',5,23198,b'\x00\x00\x00\x00',b'\xdb{\x00\x00',b'\x00\x00\x00\x00'
b'\xc1\x81\x00\x00',b'\x00\x00\x01\x00',b'\x00\x80\x00\x00',b'\xdfg\x00\x00',79,5616,1,2,1,0,0,0,133,b'\xbe\xff\x01\x00',b'\xff',b'\x00',b'\x01',b'\x03',b'\x02',b'\x10',b'\xff',b'\x12',b'\x13',b'\x14',b'\x15',b'\x0e',b'\n',b'\x0b',b'\x0f',b'D',b'\x16',4,23278,b'\x00\x00\x00\x00',b'\xdb{\x00\x00',b'\x00\x00\x00\x00'
b'\xc1\x81\x00\x00',b'\x00\x00\x01\x00',b'\x00\x80\x00\x00',b'\xdfg\x00\x00',85,5616,1,2,1,0,0,0,133,b'\xbe\xff\x01\x00',b'\xff',b'\x00',b'\x01',b'\x03',b'\x02',b'\x10',b'\xff',b'\x12',b'\x13',b'\x14',b'\x15',b'\x0e',b'\n',b'\x0b',b'\x0f',b'D',b'\x16',5,23278,b'\x00\x00\x00\x00',b'\xdb{\x00\x00',b'\x00\x00\x00\x00'
b'\xc1\x81\x00\x00',b'\x00\x00\x01\x00',b'\x00\x80\x00\x00',b'\xdfg\x00\x00',85,5616,1,2,1,0,0,0,133,b'\xbe\xff\x01\x00',b'\xff',b'\x00',b'\x01',b'\x03',b'\x02',b'\x10',b'\xff',b'\x12',b'\x13',b'\x14',b'\x15',b'\x0e',b'\n',b'\x0b',b'\x0f',b'D',b'\x16',6,23278,b'\x00\x00\x00\x00',b'\xdb{\x00\x00',b'\x00\x00\x00\x00'
b'\xc1\x81\x00\x00',b'\x00\x00\x01\x00',b'\x00\x80\x00\x00',b'\xdfg\x00\x00',85,5616,1,2,1,0,0,0,133,b'\xbe\xff\x01\x00',b'\xff',b'\x00',b'\x01',b'\x03',b'\x02',b'\x10',b'\xff',b'\x12',b'\x13',b'\x14',b'\x15',b'\x0e',b'\n',b'\x0b',b'\x0f',b'D',b'\x16',5,23278,b'\x00\x00\x00\x00',b'\xdb{\x00\x00',b'\x00\x00\x00\x00'
b'\xc1\x81\x00\x00',b'\x00\x00\x01\x00',b'\x00\x80\x00\x00',b'\xdfg\x00\x00',85,5616,1,2,1,0,0,0,133,b'\xbe\xff\x01\x00',b'\xff',b'\x00',b'\x01',b'\x03',b'\x02',b'\x10',b'\xff',b'\x12',b'\x13',b'\x14',b'\x15',b'\x0e',b'\n',b'\x0b',b'\x0f',b'D',b'\x16',6,23278,b'\x00\x00\x00\x00',b'\xdb{\x00\x00',b'\x00\x00\x00\x00'
b'\xc1\x81\x00\x00',b'\x00\x00\x01\x00',b'\x00\x80\x00\x00',b'\xdfg\x00\x00',85,5616,1,2,1,0,0,0,133,b'\xbe\xff\x01\x00',b'\xff',b'\x00',b'\x01',b'\x03',b'\x02',b'\x10',b'\xff',b'\x12',b'\x13',b'\x14',b'\x15',b'\x0e',b'\n',b'\x0b',b'\x0f',b'D',b'\x16',5,23278,b'\x00\x00\x00\x00',b'\xdb{\x00\x00',b'\x00\x00\x00\x00'
b'\xc1\x81\x00\x00',b'\x00\x00\x01\x00',b'\x00\x80\x00\x00',b'\xdfg\x00\x00',84,5616,1,2,1,0,0,0,133,b'\xbe\xff\x01\x00',b'\xff',b'\x00',b'\x01',b'\x03',b'\x02',b'\x10',b'\xff',b'\x12',b'\x13',b'\x14',b'\x15',b'\x0e',b'\n',b'\x0b',b'\x0f',b'D',b'\x16',5,23278,b'\x00\x00\x00\x00',b'\xdb{\x00\x00',b'\x00\x00\x00\x00'
b'\xc1\x81\x00\x00',b'\x00\x00\x01\x00',b'\x00\x80\x00\x00',b'\xdfg\x00\x00',84,5616,1,2,1,0,0,0,133,b'\xbe\xff\x01\x00',b'\xff',b'\x00',b'\x01',b'\x03',b'\x02',b'\x10',b'\xff',b'\x12',b'\x13',b'\x14',b'\x15',b'\x0e',b'\n',b'\x0b',b'\x0f',b'D',b'\x16',8,23278,b'\x00\x00\x00\x00',b'\xdb{\x00\x00',b'\x00\x00\x00\x00'
b'\xc1\x81\x00\x00',b'\x00\x00\x01\x00',b'\x00\x80\x00\x00',b'\xdfg\x00\x00',85,5616,1,2,1,0,0,0,133,b'\xbe\xff\x01\x00',b'\xff',b'\x00',b'\x01',b'\x03',b'\x02',b'\x10',b'\xff',b'\x12',b'\x13',b'\x14',b'\x15',b'\x0e',b'\n',b'\x0b',b'\x0f',b'D',b'\x16',6,23278,b'\x00\x00\x00\x00',b'\xdb{\x00\x00',b'\x00\x00\x00\x00'
b'\xc1\x81\x00\x00',b'\x00\x00\x01\x00',b'\x00\x80\x00\x00',b'\xdfg\x00\x00',85,5616,1,2,1,0,0,0,133,b'\xbe\xff\x01\x00',b'\xff',b'\x00',b'\x01',b'\x03',b'\x02',b'\x10',b'\xff',b'\x12',b'\x13',b'\x14',b'\x15',b'\x0e',b'\n',b'\x0b',b'\x0f',b'D',b'\x16',6,23278,b'\x00\x00\x00\x00',b'\xdb{\x00\x00',b'\x00\x00\x00\x00'
b'\xc1\x81\x00\x00',b'\x00\x00\x01\x00',b'\x00\x80\x00\x00',b'\xdfg\x00\x00',85,5616,1,2,1,0,0,0,133,b'\xbe\xff\x01\x00',b'\xff',b'\x00',b'\x01',b'\x03',b'\x02',b'\x10',b'\xff',b'\x12',b'\x13',b'\x14',b'\x15',b'\x0e',b'\n',b'\x0b',b'\x0f',b'D',b'\x16',6,23198,b'\x00\x00\x00\x00',b'\xdb{\x00\x00',b'\x00\x00\x00\x00'
b'\xc1\x81\x00\x00',b'\x00\x00\x01\x00',b'\x00\x80\x00\x00',b'\xdfg\x00\x00',85,5616,1,2,1,0,0,0,133,b'\xbe\xff\x01\x00',b'\xff',b'\x00',b'\x01',b'\x03',b'\x02',b'\x10',b'\xff',b'\x12',b'\x13',b'\x14',b'\x15',b'\x0e',b'\n',b'\x0b',b'\x0f',b'D',b'\x16',6,23198,b'\x00\x00\x00\x00',b'\xdb{\x00\x00',b'\x00\x00\x00\x00'
b'\xc1\x81\x00\x00',b'\x00\x00\x01\x00',b'\x00\x80\x00\x00',b'\xdfg\x00\x00',85,5616,1,2,1,0,0,0,133,b'\xbe\xff\x01\x00',b'\xff',b'\x00',b'\x01',b'\x03',b'\x02',b'\x10',b'\xff',b'\x12',b'\x13',b'\x14',b'\x15',b'\x0e',b'\n',b'\x0b',b'\x0f',b'D',b'\x16',5,23278,b'\x00\x00\x00\x00',b'\xdb{\x00\x00',b'\x00\x00\x00\x00'
b'\xc1\x81\x00\x00',b'\x00\x00\x01\x00',b'\x00\x80\x00\x00',b'\xdfg\x00\x00',85,5616,1,2,1,0,0,0,133,b'\xbe\xff\x01\x00',b'\xff',b'\x00',b'\x01',b'\x03',b'\x02',b'\x10',b'\xff',b'\x12',b'\x13',b'\x14',b'\x15',b'\x0e',b'\n',b'\x0b',b'\x0f',b'D',b'\x16',6,23278,b'\x00\x00\x00\x00',b'\xdb{\x00\x00',b'\x00\x00\x00\x00'
b'\xc1\x81\x00\x00',b'\x00\x00\x01\x00',b'\x00\x80\x00\x00',b'\xdfg\x00\x00',85,5616,1,2,1,0,0,0,133,b'\xbe\xff\x01\x00',b'\xff',b'\x00',b'\x01',b'\x03',b'\x02',b'\x10',b'\xff',b'\x12',b'\x13',b'\x14',b'\x15',b'\x0e',b'\n',b'\x0b',b'\x0f',b'D',b'\x16',6,23246,b'\x00\x00\x00\x00',b'\xdb{\x00\x00',b'\x00\x00\x00\x00'
b'\xc1\x81\x00\x00',b'\x00\x00\x01\x00',b'\x00\x80\x00\x00',b'\xdfg\x00\x00',85,5616,1,2,1,0,0,0,133,b'\xbe\xff\x01\x00',b'\xff',b'\x00',b'\x01',b'\x03',b'\x02',b'\x10',b'\xff',b'\x12',b'\x13',b'\x14',b'\x15',b'\x0e',b'\n',b'\x0b',b'\x0f',b'D',b'\x16',7,23278,b'\x00\x00\x00\x00',b'\xdb{\x00\x00',b'\x00\x00\x00\x00'
b'\xc1\x81\x00\x00',b'\x00\x00\x01\x00',b'\x00\x80\x00\x00',b'\xdfg\x00\x00',85,5616,1,2,1,0,0,0,133,b'\xbe\xff\x01\x00',b'\xff',b'\x00',b'\x01',b'\x03',b'\x02',b'\x10',b'\xff',b'\x12',b'\x13',b'\x14',b'\x15',b'\x0e',b'\n',b'\x0b',b'\x0f',b'D',b'\x16',7,23278,b'\x00\x00\x00\x00',b'\xdb{\x00\x00',b'\x00\x00\x00\x00'
b'\xc1\x81\x00\x00',b'\x00\x00\x01\x00',b'\x00\x80\x00\x00',b'\xdfg\x00\x00',85,5616,1,2,1,0,0,0,133,b'\xbe\xff\x01\x00',b'\xff',b'\x00',b'\x01',b'\x03',b'\x02',b'\x10',b'\xff',b'\x12',b'\x13',b'\x14',b'\x15',b'\x0e',b'\n',b'\x0b',b'\x0f',b'D',b'\x16',7,23198,b'\x00\x00\x00\x00',b'\xdb{\x00\x00',b'\x00\x00\x00\x00'
b'\xc1\x81\x00\x00',b'\x00\x00\x01\x00',b'\x00\x80\x00\x00',b'\xdfg\x00\x00',86,5616,1,2,1,0,0,0,133,b'\xbe\xff\x01\x00',b'\xff',b'\x00',b'\x01',b'\x03',b'\x02',b'\x10',b'\xff',b'\x12',b'\x13',b'\x14',b'\x15',b'\x0e',b'\n',b'\x0b',b'\x0f',b'D',b'\x16',7,23198,b'\x00\x00\x00\x00',b'\xdb{\x00\x00',b'\x00\x00\x00\x00'
b'\xc1\x81\x00\x00',b'\x00\x00\x01\x00',b'\x00\x80\x00\x00',b'\xdfg\x00\x00',92,5616,1,2,1,0,0,0,133,b'\xbe\xff\x01\x00',b'\xff',b'\x00',b'\x01',b'\x03',b'\x02',b'\x10',b'\xff',b'\x12',b'\x13',b'\x14',b'\x15',b'\x0e',b'\n',b'\x0b',b'\x0f',b'D',b'\x16',7,23278,b'\x00\x00\x00\x00',b'\xdb{\x00\x00',b'\x00\x00\x00\x00'
b'\xc1\x81\x00\x00',b'\x00\x00\x01\x00',b'\x00\x80\x00\x00',b'\xdfg\x00\x00',92,5616,1,2,1,0,0,0,133,b'\xbe\xff\x01\x00',b'\xff',b'\x00',b'\x01',b'\x03',b'\x02',b'\x10',b'\xff',b'\x12',b'\x13',b'\x14',b'\x15',b'\x0e',b'\n',b'\x0b',b'\x0f',b'D',b'\x16',6,23198,b'\x00\x00\x00\x00',b'\xdb{\x00\x00',b'\x00\x00\x00\x00'
b'\xc1\x81\x00\x00',b'\x00\x00\x01\x00',b'\x00\x80\x00\x00',b'\xdfg\x00\x00',91,5616,1,2,1,0,0,0,133,b'\xbe\xff\x01\x00',b'\xff',b'\x00',b'\x01',b'\x03',b'\x02',b'\x10',b'\xff',b'\x12',b'\x13',b'\x14',b'\x15',b'\x0e',b'\n',b'\x0b',b'\x0f',b'D',b'\x16',8,23278,b'\x00\x00\x00\x00',b'\xdb{\x00\x00',b'\x00\x00\x00\x00'
b'\xc1\x81\x00\x00',b'\x00\x00\x01\x00',b'\x00\x80\x00\x00',b'\xdfg\x00\x00',91,5616,1,2,1,0,0,0,133,b'\xbe\xff\x01\x00',b'\xff',b'\x00',b'\x01',b'\x03',b'\x02',b'\x10',b'\xff',b'\x12',b'\x13',b'\x14',b'\x15',b'\x0e',b'\n',b'\x0b',b'\x0f',b'D',b'\x16',6,23278,b'\x00\x00\x00\x00',b'\xdb{\x00\x00',b'\x00\x00\x00\x00'
b'\xc1\x81\x00\x00',b'\x00\x00\x01\x00',b'\x00\x80\x00\x00',b'\xdfg\x00\x00',91,5616,1,2,1,0,0,0,133,b'\xbe\xff\x01\x00',b'\xff',b'\x00',b'\x01',b'\x03',b'\x02',b'\x10',b'\xff',b'\x12',b'\x13',b'\x14',b'\x15',b'\x0e',b'\n',b'\x0b',b'\x0f',b'D',b'\x16',7,23278,b'\x00\x00\x00\x00',b'\xdb{\x00\x00',b'\x00\x00\x00\x00'
b'\xc1\x81\x00\x00',b'\x00\x00\x01\x00',b'\x00\x80\x00\x00',b'\xdfg\x00\x00',85,5616,1,2,1,0,0,0,133,b'\xbe\xff\x01\x00',b'\xff',b'\x00',b'\x01',b'\x03',b'\x02',b'\x10',b'\xff',b'\x12',b'\x13',b'\x14',b'\x15',b'\x0e',b'\n',b'\x0b',b'\x0f',b'D',b'\x16',6,23278,b'\x00\x00\x00\x00',b'\xdb{\x00\x00',b'\x00\x00\x00\x00'
b'\xc1\x81\x00\x00',b'\x00\x00\x01\x00',b'\x00\x80\x00\x00',b'\xdfg\x00\x00',85,5616,1,2,1,0,0,0,133,b'\xbe\xff\x01\x00',b'\xff',b'\x00',b'\x01',b'\x03',b'\x02',b'\x10',b'\xff',b'\x12',b'\x13',b'\x14',b'\x15',b'\x0e',b'\n',b'\x0b',b'\x0f',b'D',b'\x16',7,23278,b'\x00\x00\x00\x00',b'\xdb{\x00\x00',b'\x00\x00\x00\x00'
b'\xc1\x81\x00\x00',b'\x00\x00\x01\x00',b'\x00\x80\x00\x00',b'\xdfg\x00\x00',85,5616,1,2,1,0,0,0,133,b'\xbe\xff\x01\x00',b'\xff',b'\x00',b'\x01',b'\x03',b'\x02',b'\x10',b'\xff',b'\x12',b'\x13',b'\x14',b'\x15',b'\x0e',b'\n',b'\x0b',b'\x0f',b'D',b'\x16',7,23246,b'\x00\x00\x00\x00',b'\xdb{\x00\x00',b'\x00\x00\x00\x00'
b'\xc1\x81\x00\x00',b'\x00\x00\x01\x00',b'\x00\x80\x00\x00',b'\xdfg\x00\x00',84,5616,1,2,1,0,0,0,133,b'\xbe\xff\x01\x00',b'\xff',b'\x00',b'\x01',b'\x03',b'\x02',b'\x10',b'\xff',b'\x12',b'\x13',b'\x14',b'\x15',b'\x0e',b'\n',b'\x0b',b'\x0f',b'D',b'\x16',7,23278,b'\x00\x00\x00\x00',b'\xdb{\x00\x00',b'\x00\x00\x00\x00'
b'\xc1\x81\x00\x00',b'\x00\x00\x01\x00',b'\x00\x80\x00\x00',b'\xdfg\x00\x00',84,5616,1,2,1,0,0,0,133,b'\xbe\xff\x01\x00',b'\xff',b'\x00',b'\x01',b'\x03',b'\x02',b'\x10',b'\xff',b'\x12',b'\x13',b'\x14',b'\x15',b'\x0e',b'\n',b'\x0b',b'\x0f',b'D',b'\x16',8,23278,b'\x00\x00\x00\x00',b'\xdb{\x00\x00',b'\x00\x00\x00\x00'
b'\xc1\x81\x00\x00',b'\x00\x00\x01\x00',b'\x00\x80\x00\x00',b'\xdfg\x00\x00',84,5616,1,2,1,0,0,0,133,b'\xbe\xff\x01\x00',b'\xff',b'\x00',b'\x01',b'\x03',b'\x02',b'\x10',b'\xff',b'\x12',b'\x13',b'\x14',b'\x15',b'\x0e',b'\n',b'\x0b',b'\x0f',b'D',b'\x16',7,23198,b'\x00\x00\x00\x00',b'\xdb{\x00\x00',b'\x00\x00\x00\x00'
b'\xc1\x81\x00\x00',b'\x00\x00\x01\x00',b'\x00\x80\x00\x00',b'\xdfg\x00\x00',84,5616,1,2,1,0,0,0,133,b'\xbe\xff\x01\x00',b'\xff',b'\x00',b'\x01',b'\x03',b'\x02',b'\x10',b'\xff',b'\x12',b'\x13',b'\x14',b'\x15',b'\x0e',b'\n',b'\x0b',b'\x0f',b'D',b'\x16',7,23278,b'\x00\x00\x00\x00',b'\xdb{\x00\x00',b'\x00\x00\x00\x00'
b'\xc1\x81\x00\x00',b'\x00\x00\x01\x00',b'\x00\x80\x00\x00',b'\xdfg\x00\x00',83,5616,1,2,1,0,0,0,133,b'\xbe\xff\x01\x00',b'\xff',b'\x00',b'\x01',b'\x03',b'\x02',b'\x10',b'\xff',b'\x12',b'\x13',b'\x14',b'\x15',b'\x0e',b'\n',b'\x0b',b'\x0f',b'D',b'\x16',8,23278,b'\x00\x00\x00\x00',b'\xdb{\x00\x00',b'\x00\x00\x00\x00'
b'\xc1\x81\x00\x00',b'\x00\x00\x01\x00',b'\x00\x80\x00\x00',b'\xdfg\x00\x00',83,5616,1,2,1,0,0,0,133,b'\xbe\xff\x01\x00',b'\xff',b'\x00',b'\x01',b'\x03',b'\x02',b'\x10',b'\xff',b'\x12',b'\x13',b'\x14',b'\x15',b'\x0e',b'\n',b'\x0b',b'\x0f',b'D',b'\x16',7,23278,b'\x00\x00\x00\x00',b'\xdb{\x00\x00',b'\x00\x00\x00\x00'
b'\xc1\x81\x00\x00',b'\x00\x00\x01\x00',b'\x00\x80\x00\x00',b'\xdfg\x00\x00',83,5616,1,2,1,0,0,0,133,b'\xbe\xff\x01\x00',b'\xff',b'\x00',b'\x01',b'\x03',b'\x02',b'\x10',b'\xff',b'\x12',b'\x13',b'\x14',b'\x15',b'\x0e',b'\n',b'\x0b',b'\x0f',b'D',b'\x16',7,23278,b'\x00\x00\x00\x00',b'\xdb{\x00\x00',b'\x00\x00\x00\x00'
b'\xc1\x81\x00\x00',b'\x00\x00\x01\x00',b'\x00\x80\x00\x00',b'\xdfg\x00\x00',83,5616,1,2,1,0,0,0,133,b'\xbe\xff\x01\x00',b'\xff',b'\x00',b'\x01',b'\x03',b'\x02',b'\x10',b'\xff',b'\x12',b'\x13',b'\x14',b'\x15',b'\x0e',b'\n',b'\x0b',b'\x0f',b'D',b'\x16',7,23278,b'\x00\x00\x00\x00',b'\xdb{\x00\x00',b'\x00\x00\x00\x00'
b'\xc1\x81\x00\x00',b'\x00\x00\x01\x00',b'\x00\x80\x00\x00',b'\xdfg\x00\x00',83,5616,1,2,1,0,0,0,133,b'\xbe\xff\x01\x00',b'\xff',b'\x00',b'\x01',b'\x03',b'\x02',b'\x10',b'\xff',b'\x12',b'\x13',b'\x14',b'\x15',b'\x0e',b'\n',b'\x0b',b'\x0f',b'D',b'\x16',7,23198,b'\x00\x00\x00\x00',b'\xdb{\x00\x00',b'\x00\x00\x00\x00'
b'\xc1\x81\x00\x00',b'\x00\x00\x01\x00',b'\x00\x80\x00\x00',b'\xdfg\x00\x00',82,5616,1,2,1,0,0,0,133,b'\xbe\xff\x01\x00',b'\xff',b'\x00',b'\x01',b'\x03',b'\x02',b'\x10',b'\xff',b'\x12',b'\x13',b'\x14',b'\x15',b'\x0e',b'\n',b'\x0b',b'\x0f',b'D',b'\x16',7,23278,b'\x00\x00\x00\x00',b'\xdb{\x00\x00',b'\x00\x00\x00\x00'
b'\xc1\x81\x00\x00',b'\x00\x00\x01\x00',b'\x00\x80\x00\x00',b'\xdfg\x00\x00',82,5616,1,2,1,0,0,0,133,b'\xbe\xff\x01\x00',b'\xff',b'\x00',b'\x01',b'\x03',b'\x02',b'\x10',b'\xff',b'\x12',b'\x13',b'\x14',b'\x15',b'\x0e',b'\n',b'\x0b',b'\x0f',b'D',b'\x16',7,23278,b'\x00\x00\x00\x00',b'\xdb{\x00\x00',b'\x00\x00\x00\x00'
b'\xc1\x81\x00\x00',b'\x00\x00\x01\x00',b'\x00\x80\x00\x00',b'\xdfg\x00\x00',82,5616,1,2,1,0,0,0,133,b'\xbe\xff\x01\x00',b'\xff',b'\x00',b'\x01',b'\x03',b'\x02',b'\x10',b'\xff',b'\x12',b'\x13',b'\x14',b'\x15',b'\x0e',b'\n',b'\x0b',b'\x0f',b'D',b'\x16',8,23278,b'\x00\x00\x00\x00',b'\xdb{\x00\x00',b'\x00\x00\x00\x00'
b'\xc1\x81\x00\x00',b'\x00\x00\x01\x00',b'\x00\x80\x00\x00',b'\xdfg\x00\x00',82,5616,1,2,1,0,0,0,133,b'\xbe\xff\x01\x00',b'\xff',b'\x00',b'\x01',b'\x03',b'\x02',b'\x10',b'\xff',b'\x12',b'\x13',b'\x14',b'\x15',b'\x0e',b'\n',b'\x0b',b'\x0f',b'D',b'\x16',7,23278,b'\x00\x00\x00\x00',b'\xdb{\x00\x00',b'\x00\x00\x00\x00'
b'\xc1\x81\x00\x00',b'\x00\x00\x01\x00',b'\x00\x80\x00\x00',b'\xdfg\x00\x00',82,5616,1,2,1,0,0,0,133,b'\xbe\xff\x01\x00',b'\xff',b'\x00',b'\x01',b'\x03',b'\x02',b'\x10',b'\xff',b'\x12',b'\x13',b'\x14',b'\x15',b'\x0e',b'\n',b'\x0b',b'\x0f',b'D',b'\x16',7,23246,b'\x00\x00\x00\x00',b'\xdb{\x00\x00',b'\x00\x00\x00\x00'
b'\xc1\x81\x00\x00',b'\x00\x00\x01\x00',b'\x00\x80\x00\x00',b'\xdfg\x00\x00',82,5616,1,2,1,0,0,0,133,b'\xbe\xff\x01\x00',b'\xff',b'\x00',b'\x01',b'\x03',b'\x02',b'\x10',b'\xff',b'\x12',b'\x13',b'\x14',b'\x15',b'\x0e',b'\n',b'\x0b',b'\x0f',b'D',b'\x16',8,23278,b'\x00\x00\x00\x00',b'\xdb{\x00\x00',b'\x00\x00\x00\x00'
b'\xc1\x81\x00\x00',b'\x00\x00\x01\x00',b'\x00\x80\x00\x00',b'\xdfg\x00\x00',82,5616,1,2,1,0,0,0,133,b'\xbe\xff\x01\x00',b'\xff',b'\x00',b'\x01',b'\x03',b'\x02',b'\x10',b'\xff',b'\x12',b'\x13',b'\x14',b'\x15',b'\x0e',b'\n',b'\x0b',b'\x0f',b'D',b'\x16',8,23278,b'\x00\x00\x00\x00',b'\xdb{\x00\x00',b'\x00\x00\x00\x00'
b'\xc1\x81\x00\x00',b'\x00\x00\x01\x00',b'\x00\x80\x00\x00',b'\xdfg\x00\x00',82,5616,1,2,1,0,0,0,133,b'\xbe\xff\x01\x00',b'\xff',b'\x00',b'\x01',b'\x03',b'\x02',b'\x10',b'\xff',b'\x12',b'\x13',b'\x14',b'\x15',b'\x0e',b'\n',b'\x0b',b'\x0f',b'D',b'\x16',7,23198,b'\x00\x00\x00\x00',b'\xdb{\x00\x00',b'\x00\x00\x00\x00'
b'\xc1\x81\x00\x00',b'\x00\x00\x01\x00',b'\x00\x80\x00\x00',b'\xdfg\x00\x00',82,5616,1,2,1,0,0,0,133,b'\xbe\xff\x01\x00',b'\xff',b'\x00',b'\x01',b'\x03',b'\x02',b'\x10',b'\xff',b'\x12',b'\x13',b'\x14',b'\x15',b'\x0e',b'\n',b'\x0b',b'\x0f',b'D',b'\x16',7,23278,b'\x00\x00\x00\x00',b'\xdb{\x00\x00',b'\x00\x00\x00\x00'
b'\xc1\x81\x00\x00',b'\x00\x00\x01\x00',b'\x00\x80\x00\x00',b'\xdfg\x00\x00',82,5616,1,2,1,0,0,0,133,b'\xbe\xff\x01\x00',b'\xff',b'\x00',b'\x01',b'\x03',b'\x02',b'\x10',b'\xff',b'\x12',b'\x13',b'\x14',b'\x15',b'\x0e',b'\n',b'\x0b',b'\x0f',b'D',b'\x16',8,23278,b'\x00\x00\x00\x00',b'\xdb{\x00\x00',b'\x00\x00\x00\x00'
b'\xc1\x81\x00\x00',b'\x00\x00\x01\x00',b'\x00\x80\x00\x00',b'\xdfg\x00\x00',81,5616,1,2,1,0,0,0,133,b'\xbe\xff\x01\x00',b'\xff',b'\x00',b'\x01',b'\x03',b'\x02',b'\x10',b'\xff',b'\x12',b'\x13',b'\x14',b'\x15',b'\x0e',b'\n',b'\x0b',b'\x0f',b'D',b'\x16',7,23198,b'\x00\x00\x00\x00',b'\xdb{\x00\x00',b'\x00\x00\x00\x00'
b'\xc1\x81\x00\x00',b'\x00\x00\x01\x00',b'\x00\x80\x00\x00',b'\xdfg\x00\x00',81,5616,1,2,1,0,0,0,133,b'\xbe\xff\x01\x00',b'\xff',b'\x00',b'\x01',b'\x03',b'\x02',b'\x10',b'\xff',b'\x12',b'\x13',b'\x14',b'\x15',b'\x0e',b'\n',b'\x0b',b'\x0f',b'D',b'\x16',7,23278,b'\x00\x00\x00\x00',b'\xdb{\x00\x00',b'\x00\x00\x00\x00'
b'\xc1\x81\x00\x00',b'\x00\x00\x01\x00',b'\x00\x80\x00\x00',b'\xdfg\x00\x00',81,5616,1,2,1,0,0,0,133,b'\xbe\xff\x01\x00',b'\xff',b'\x00',b'\x01',b'\x03',b'\x02',b'\x10',b'\xff',b'\x12',b'\x13',b'\x14',b'\x15',b'\x0e',b'\n',b'\x0b',b'\x0f',b'D',b'\x16',7,23278,b'\x00\x00\x00\x00',b'\xdb{\x00\x00',b'\x00\x00\x00\x00'
